keys,en,ne,_review
"
","
","
",
%d / %d,%d / %d,%d / %d,
"%d / %d   +%d coins, +%d points","%d / %d   +%d coins, +%d points","%d / %d   +%d सिक्का, +%d अंक",
%d / 72,%d / 72,%d / 72,
%d / 9,%d / 9,%d / 9,
%d areas,%d areas,%d क्षेत्र,
%d free Extra Jars!,%d free Extra Jars!,%d फ्री थप बट्टा!,
%d free Shuffles!,%d free Shuffles!,%d फ्री मिसाउनुहोस्!,
%d free Undos!,%d free Undos!,%d फ्री फिर्ता!,
%d min,%d min,%d मिनेट,
%d min unlimited lives,%d min unlimited lives,%d मिनेट असीमित ज्यान,
%d moves,%d moves,%d चाल,
%d of %d tasks,%d of %d tasks,%d मध्ये %d काम,
%d sticker packs,%d sticker packs,%d स्टिकर प्याक,
%d%%,%d%%,%d%%,
%d. %s,%d. %s,%d. %s,
%d/%d,%d/%d,%d/%d,
%s  %d,%s  %d,%s  %d,
%s  -  %s,%s  -  %s,%s  -  %s,
"%s (test only, nothing is charged)","%s (test only, nothing is charged)","%s (टेस्ट मात्र, केही पैसा लाग्दैन)",
%s added,%s added,%s थपियो,
%s unlocked!,%s unlocked!,%s अनलक भयो!,
%s: %d star(s),%s: %d star(s),%s: %d तारा,
+%d,+%d,+%d,
+%d %s,+%d %s,+%d %s,
+%d coins,+%d coins,+%d सिक्का,
+%d lives,+%d lives,+%d ज्यान,
+%d moves  %d,+%d moves  %d,+%d चाल  %d,
+%d moves  (Watch ad),+%d moves  (Watch ad),+%d चाल  (एड हेर्नुहोस्),
+%d moves!,+%d moves!,+%d चाल!,
+%d stars,+%d stars,+%d तारा,
+1 %s,+1 %s,+1 %s,
+1 life,+1 life,+1 ज्यान,
+1 life  (Watch ad),+1 life  (Watch ad),+1 ज्यान  (एड हेर्नुहोस्),
1 sticker pack,1 sticker pack,१ स्टिकर प्याक,
3 stickers for your Pasal Album,3 stickers for your Pasal Album,तपाईंको पसल एल्बमका लागि 3 स्टिकर,
A big rusty eyesore.,A big rusty eyesore.,"ठूलो खियालागेको, हेर्दा नराम्रो।",
A brass padlock! Fill a jar of the candy on its badge to unlock it.,A brass padlock! Fill a jar of the candy on its badge to unlock it.,पित्तलको तालो! यो खोल्नको लागि यसको ब्याजमा देखिएको मिठाईको बट्टा भर्नुहोस्।,
A crack in the middle step has tripped three customers this week.,A crack in the middle step has tripped three customers this week.,बीचको खुड्किलोमा चिरा परेकोले यो हप्ता तीन ग्राहक लडे।,
"A drawer for every spice, string and spare key.","A drawer for every spice, string and spare key.","हरेक मसला, धागो र थप साँचोका लागि एक-एक दराज।",
A gift box is hidden under the candies. Fill that jar to open it!,A gift box is hidden under the candies. Fill that jar to open it!,मिठाईहरूमुनि एक उपहार बाकस लुकेको छ। यो खोल्नको लागि त्यो बट्टा भर्नुहोस्!,
A little green makes customers stop and look.,A little green makes customers stop and look.,अलिकति हरियोले ग्राहकहरूलाई रोकिएर हेर्न बनाउँछ।,
A little shop by the lake,A little shop by the lake,तालको छेउमा सानो पसल,
A reward is waiting!,A reward is waiting!,एक पुरस्कार पर्खिरहेको छ!,
A row of glowing lanterns.,A row of glowing lanterns.,चम्किरहेका लाल्टिनहरूको लस्कर।,
A shop on the trekking trail,A shop on the trekking trail,ट्रेकिङ बाटोमा एक पसल,
A tall jar holds 2 extra candies. Handy storage space!,A tall jar holds 2 extra candies. Handy storage space!,अग्लो बट्टाले 2 थप मिठाई राख्न सक्छ। उपयोगी भण्डारण ठाउँ!,
A tiny shop with a big view.,A tiny shop with a big view.,"सानो पसल, तर ठूलो दृश्य।",
A welcoming door for guests.,A welcoming door for guests.,पाहुनाहरूका लागि न्यानो स्वागत गर्ने ढोका।,
Aanp,Aanp,आँप,
Abacus,Abacus,अबाकस,
Achievement unlocked! Claim it in your Profile.,Achievement unlocked! Claim it in your Profile.,उपलब्धि अनलक भयो! आफ्नो प्रोफाइलमा लिनुहोस्।,
Achievements,Achievements,उपलब्धिहरू,
Ad not available right now,Ad not available right now,एड अहिले उपलब्ध छैन,
Add an awning,Add an awning,छाना थप्नुहोस्,
AFTER,AFTER,पछि,
Album,Album,एल्बम,
Album Collector,Album Collector,एल्बम सङ्कलक,
All mixed up? Try a Shuffle.,All mixed up? Try a Shuffle.,सबै मिसिएको छ? मिसाउनुहोस् प्रयोग गर्नुहोस्।,
Aluminium,Aluminium,एल्युमिनियम,
Ama Dablam,Ama Dablam,अमा डब्लम,
Analytics,Analytics,Analytics,
Animals of Nepal,Animals of Nepal,नेपालका जनावरहरू,
Annapurna,Annapurna,अन्नपूर्ण,
Anyone in the tole can borrow it.,Anyone in the tole can borrow it.,टोलको जसले पनि यो सापटी लिन सक्छ।,
Are you sure?,Are you sure?,पक्का हो?,
Area complete!,Area complete!,क्षेत्र पूरा भयो!,
Area complete: open Home,Area complete: open Home,Area complete: open Home,
Areas,Areas,क्षेत्रहरू,
Asan Bazaar Morning,Asan Bazaar Morning,असन बजार बिहान,
Autumn,Autumn,शरद ऋतु,
Avatar frames,Avatar frames,अवतार फ्रेमहरू,
Back,Back,पछाडि,
Back to %d lives right away,Back to %d lives right away,तुरुन्तै %d ज्यानमा फर्कनुहोस्,
Back to my shop,Back to my shop,मेरो पसलमा फर्कनुहोस्,
Bamboo,Bamboo,बाँस,
Bamboo fence,Bamboo fence,बाँसको घेरा,
Bazaar Legend,Bazaar Legend,बजार महारथी,
Bazaar Race,Bazaar Race,बजार दौड,
BEFORE,BEFORE,पहिले,
Behind the shop,Behind the shop,पसलको पछाडि,
Best streak,Best streak,सबैभन्दा लामो लगातार,
Bhai,Bhai,भाइ,
Bhai keeps asking what time dinner is.,Bhai keeps asking what time dinner is.,भाइ बारम्बार खाना कति बजे हुन्छ भनेर सोधिरहन्छ।,
Bhai's kites deserve a proper launch spot.,Bhai's kites deserve a proper launch spot.,भाइको चङ्गाले उडाउने ठीक ठाउँ पाउनुपर्छ।,
Bicycle,Bicycle,साइकल,
Bikash,Bikash,बिकाश,
Bikash Bhandar,Bikash Bhandar,बिकाश भण्डार,
Biralo,Biralo,बिरालो,
"Biralo is napping on a jar, so it can't be used. Every 5 moves the cat hops to another jar.","Biralo is napping on a jar, so it can't be used. Every 5 moves the cat hops to another jar.","बिरालो एक बट्टामा सुसाइरहेको छ, त्यसैले त्यो प्रयोग गर्न सकिँदैन। हरेक 5 चालमा बिरालो अर्को बट्टामा जान्छ।",
Biralo keeps sleeping in the candy boxes. Give the cat a basket.,Biralo keeps sleeping in the candy boxes. Give the cat a basket.,बिरालो मिठाईका बाकसमा सुतिरहन्छ। बिरालोलाई एक डाली दिनुहोस्।,
Biralo napping,Biralo napping,बिरालो सुसाइरहेको,
Black and white,Black and white,कालो र सेतो,
Black iron,Black iron,कालो फलाम,
Blossom,Blossom,फूल,
Blue and white,Blue and white,निलो र सेतो,
Blue cushion,Blue cushion,निलो कुसन,
Blue door,Blue door,निलो ढोका,
Blue frame,Blue frame,निलो फ्रेम,
Blue frames,Blue frames,निला फ्रेमहरू,
Blue glazed,Blue glazed,निलो चम्किलो,
Blue stall,Blue stall,निलो स्टल,
Blue stripes,Blue stripes,निला धारी,
Blue tank,Blue tank,निलो ट्याङ्की,
Blue-tint Glass,Blue-tint Glass,निलो झिल्के गिलास,
Boarded up for years. There's a mountain view behind those planks!,Boarded up for years. There's a mountain view behind those planks!,वर्षौंदेखि बोर्डले छोपिएको। ती फलेकहरूपछाडि त हिमाल देखिने दृश्य छ!,
Boards missing. Splash risk: high.,Boards missing. Splash risk: high.,फलेक हराएको। पानी छिल्किने जोखिम: उच्च।,
Booster Buff,Booster Buff,बुस्टर बफ,
Booster chest,Booster chest,बुस्टर सन्दुक,
Boosters,Boosters,बुस्टरहरू,
Boosters on: %s,Boosters on: %s,बुस्टर अन: %s,
Boosters used,Boosters used,प्रयोग गरिएका बुस्टर,
Both ends of the street.,Both ends of the street.,सडकका दुवै छेउ।,
Boxes are piled to the ceiling. Time to get organised.,Boxes are piled to the ceiling. Time to get organised.,बाकसहरू छाना छुने गरी थुप्रिएका छन्। मिलाउने समय भयो।,
Brass,Brass,पित्तल,
Brass lantern,Brass lantern,पित्तलको लाल्टिन,
Brass scale,Brass scale,पित्तलको तराजू,
Brass shade,Brass shade,पित्तलको सेड,
Brass shades,Brass shades,पित्तलका सेडहरू,
Brick bed,Brick bed,इँटाको ओछ्यान,
Brick paving,Brick paving,इँटाले बिछ्याइएको बाटो,
Bright colours from roof to roof.,Bright colours from roof to roof.,छानादेखि छानासम्म उज्यालो रङहरू।,
Bright cottons,Bright cottons,उज्यालो सुती कपडा,
Bright paper,Bright paper,उज्यालो कागज,
Bring in a plant,Bring in a plant,एक बिरुवा ल्याउनुहोस्,
Bring up two chairs,Bring up two chairs,दुई कुर्सी ल्याउनुहोस्,
Brushed steel,Brushed steel,ब्रस गरिएको स्टिल,
Build a bench for customers,Build a bench for customers,ग्राहकका लागि बेन्च बनाउनुहोस्,
Build a bookshelf,Build a bookshelf,किताब राख्ने दराज बनाउनुहोस्,
Build a courtyard bench,Build a courtyard bench,चोकमा बेन्च बनाउनुहोस्,
Build a kite corner,Build a kite corner,चङ्गा कुना बनाउनुहोस्,
Build a lakeside bench,Build a lakeside bench,तालको छेउमा बेन्च बनाउनुहोस्,
Build a spice shelf,Build a spice shelf,मसला राख्ने दराज बनाउनुहोस्,
Build a trekkers' bench,Build a trekkers' bench,ट्रेकरहरूका लागि बेन्च बनाउनुहोस्,
Build an organiser,Build an organiser,मिलाउने दराज बनाउनुहोस्,
Build tall shelves,Build tall shelves,अग्ला दराजहरू बनाउनुहोस्,
Build the branch shop,Build the branch shop,शाखा पसल बनाउनुहोस्,
Bunting,Bunting,झुन्डिने पताका,
Buy 1  %d,Buy 1  %d,1 किन्नुहोस्  %d,
Cable car,Cable car,केबुल कार,
Cancel,Cancel,रद्द गर्नुहोस्,
Candies moved,Candies moved,सारिएका मिठाई,
Candy jar,Candy jar,मिठाईको बट्टा,
Candy Mover,Candy Mover,मिठाई चालक,
Candy wrappers,Candy wrappers,मिठाईका खोल,
Cane,Cane,बेत,
Care for the big tree,Care for the big tree,ठूलो रुखको स्याहार गर्नुहोस्,
Carve the sign,Carve the sign,साइनबोर्ड कुँद्नुहोस्,
Carved board,Carved board,कुँदिएको फलेक,
Carved door,Carved door,कुँदिएको ढोका,
Carved drawers,Carved drawers,कुँदिएका दराजहरू,
Carved frame,Carved frame,कुँदिएको फ्रेम,
Carved lattice,Carved lattice,कुँदिएको जाली,
Carved window,Carved window,कुँदिएको झ्याल,
Carved wood,Carved wood,कुँदिएको काठ,
Cash box,Cash box,पैसाको बाकस,
Cat paw,Cat paw,बिरालोको खुट्टा,
Challenge,Challenge,चुनौती,
Challenge streak: %d days,Challenge streak: %d days,चुनौती लगातार: %d दिन,
Change a style in your shop,Change a style in your shop,आफ्नो पसलमा शैली बदलनुहोस्,
Change styles {n} times,Change styles {n} times,{n} पटक शैली बदलनुहोस्,
Change the bulb,Change the bulb,बल्ब बदलनुहोस्,
Chapter %d chest,Chapter %d chest,अध्याय %d सन्दुक,
Chapter %d complete!,Chapter %d complete!,अध्याय %d पूरा भयो!,
Chatpate,Chatpate,चटपटे,
Cherry red,Cherry red,चेरी रातो,
Chest Opener,Chest Opener,सन्दुक खोल्ने,
Chiya,Chiya,चिया,
Chiya Tole Courtyard,Chiya Tole Courtyard,चिया टोल चोक,
"Chiya Tole has never looked better. New areas are on their way. Keep playing levels for coins, chests and stickers!","Chiya Tole has never looked better. New areas are on their way. Keep playing levels for coins, chests and stickers!","चिया टोल यसअघि कहिल्यै यति राम्रो देखिएको थिएन। नयाँ क्षेत्रहरू आउनै लागेका छन्। सिक्का, सन्दुक र स्टिकरका लागि तह खेल्दै जानुहोस्!",
Chocolate Gold,Chocolate Gold,चकलेट गोल्ड,
Choose,Choose,छान्नुहोस्,
Choose a style,Choose a style,एक शैली छान्नुहोस्,
Choose your avatar,Choose your avatar,आफ्नो अवतार छान्नुहोस्,
Chrome bar stool,Chrome bar stool,क्रोम बार स्टुल,
Claim,Claim,लिनुहोस्,
CLAIM,CLAIM,लिनुहोस्,
Claim set reward,Claim set reward,सेट पुरस्कार लिनुहोस्,
Claim {n} daily rewards,Claim {n} daily rewards,{n} दैनिक पुरस्कार लिनुहोस्,
Classic black,Classic black,क्लासिक कालो,
Classic Glass,Classic Glass,क्लासिक गिलास,
Classic glass,Classic glass,क्लासिक गिलास,
Classic Twist,Classic Twist,क्लासिक ट्विस्ट,
Clay pot,Clay pot,माटोको घ्याम्पो,
Clay pots,Clay pots,माटाका घ्याम्पाहरू,
Clay stove,Clay stove,माटोको चुलो,
Clay-look,Clay-look,माटो-जस्तो,
Clean Hands,Clean Hands,सफा हात,
Clean plaster,Clean plaster,सफा लेप,
Clean the counter,Clean the counter,काउन्टर सफा गर्नुहोस्,
Clean the whole street,Clean the whole street,सम्पूर्ण सडक सफा गर्नुहोस्,
Clear log,Clear log,Clear log,
Clear the cobwebs,Clear the cobwebs,माकुराको जालो हटाउनुहोस्,
Clock reset,Clock reset,Clock reset,
Clock: %s ahead,Clock: %s ahead,Clock: %s ahead,
Coin Collector,Coin Collector,सिक्का सङ्कलक,
Coin jar,Coin jar,सिक्काको बट्टा,
Coin sack,Coin sack,सिक्काको बोरा,
Coins,Coins,सिक्का,
Collect,Collect,बटुल्नुहोस्,
Collect {n} different stickers,Collect {n} different stickers,{n} फरक-फरक स्टिकर बटुल्नुहोस्,
Collector,Collector,सङ्कलक,
Colour by the door.,Colour by the door.,ढोकाछेउको रङ।,
Colour-blind patterns,Colour-blind patterns,रङ-अन्धो चिन्ह,
Come back tomorrow,Come back tomorrow,भोलि फेरि आउनुहोस्,
Come back tomorrow for more,Come back tomorrow for more,थपका लागि भोलि फेरि आउनुहोस्,
Complete 2 renovation tasks,Complete 2 renovation tasks,2 मर्मत काम पूरा गर्नुहोस्,
Complete a renovation task,Complete a renovation task,एक मर्मत काम पूरा गर्नुहोस्,
Complete level 10,Complete level 10,तह 10 पूरा गर्नुहोस्,
Complete level 100,Complete level 100,तह 100 पूरा गर्नुहोस्,
Complete level 50,Complete level 50,तह 50 पूरा गर्नुहोस्,
Complete level {n},Complete level {n},तह {n} पूरा गर्नुहोस्,
Complete the set: %s,Complete the set: %s,सेट पूरा गर्नुहोस्: %s,
Complete {n} daily missions,Complete {n} daily missions,{n} दैनिक मिसन पूरा गर्नुहोस्,
Complete {n} HARD levels,Complete {n} HARD levels,{n} कठिन तह पूरा गर्नुहोस्,
Complete {n} renovation tasks,Complete {n} renovation tasks,{n} मर्मत काम पूरा गर्नुहोस्,
Complete {n} sticker sets,Complete {n} sticker sets,{n} स्टिकर सेट पूरा गर्नुहोस्,
Complete {n} SUPER HARD levels,Complete {n} SUPER HARD levels,{n} अति कठिन तह पूरा गर्नुहोस्,
Confirm,Confirm,पुष्टि गर्नुहोस्,
CONTINUE,CONTINUE,अगाडि बढ्नुहोस्,
Continue,Continue,अगाडि बढ्नुहोस्,
Cooking in the dark is how Bhai got salt in his tea.,Cooking in the dark is how Bhai got salt in his tea.,अँधेरोमा खाना पकाउँदा नै भाइको चियामा नुन परेको थियो।,
Copper,Copper,तामा,
Copper gagri,Copper gagri,तामाको गाग्री,
Corner Kirana,Corner Kirana,कोनेको किराना,
Couldn't find a better mix. Booster refunded.,Couldn't find a better mix. Booster refunded.,राम्रो मिल्ने ठाउँ भेटिएन। बुस्टर फिर्ता गरियो।,
Covered! Fill %d jars to lift the cloth.,Covered! Fill %d jars to lift the cloth.,ढाकिएको! कपडा उठाउनको लागि %d बट्टा भर्नुहोस्।,
Cracked cement that bakes in the sun.,Cracked cement that bakes in the sun.,"घामले पोलेको, चर्किएको सिमेन्ट।",
Cracked concrete and sticky toffee. Time for a new floor.,Cracked concrete and sticky toffee. Time for a new floor.,चर्किएको कंक्रिट र टाँसिने टाफी। नयाँ भुइँको समय भयो।,
Cracked tiles and a wobbly corner.,Cracked tiles and a wobbly corner.,चर्किएका टायल र लरबरिने कुना।,
Crafts,Crafts,हस्तकला,
Cream with flowers,Cream with flowers,फूलसहितको क्रिम रङ,
Credits,Credits,श्रेय,
Cricket cap,Cricket cap,क्रिकेट क्याप,
Customers love to sit and chat. The stool has other plans.,Customers love to sit and chat. The stool has other plans.,ग्राहकहरूलाई बसी कुरा गर्न मन पर्छ। तर स्टुलको आफ्नै योजना छ।,
Daily,Daily,दैनिक,
Daily Challenge,Daily Challenge,दैनिक चुनौती,
Daily challenges,Daily challenges,दैनिक चुनौती,
Daily Devotee,Daily Devotee,दैनिक भक्त,
Daily free coins,Daily free coins,दैनिक फ्री सिक्का,
Daily missions,Daily missions,दैनिक मिसन,
Daily rewards,Daily rewards,दैनिक पुरस्कार,
Dami streak %d! Free: %s,Dami streak %d! Free: %s,दामी लगातार %d! फ्री: %s,
Dami streak: win without failing for free boosters!,Dami streak: win without failing for free boosters!,दामी लगातार: नहारी लगातार जितेर फ्री बुस्टर पाउनुहोस्!,
DAMI!,DAMI!,दामी!,
Danphe,Danphe,डाँफे,
Dark at night. Kanchha Dai says he can fix it. Probably.,Dark at night. Kanchha Dai says he can fix it. Probably.,राती अँध्यारो हुन्छ। कान्छा दाइ भन्छन् उनले मिलाउन सक्छन्। सायद।,
Dawa,Dawa,दावा,
Day %d,Day %d,दिन %d,
Day %d reward,Day %d reward,दिन %d पुरस्कार,
DEBUG,DEBUG,DEBUG,
Decorate the house front,Decorate the house front,घरको अगाडिको भाग सजाउनुहोस्,
Dedicated,Dedicated,समर्पित,
Deliveries across the lake!,Deliveries across the lake!,तालपारि डेलिभरी!,
Dhaka cloth,Dhaka cloth,ढाका कपडा,
Dhaka covers,Dhaka covers,ढाका कभर,
Dhaka cushion,Dhaka cushion,ढाका कुशन,
Dhaka pattern,Dhaka pattern,ढाका बुट्टा,
Dhaka rug,Dhaka rug,ढाका गलैंचा,
Dhaka shawls,Dhaka shawls,ढाका शाल,
Dhaka topi,Dhaka topi,ढाका टोपी,
Dhaka weave,Dhaka weave,ढाका बुनाई,
Dhaka-cloth jar,Dhaka-cloth jar,ढाका-कपडाको बट्टा,
Dhaulagiri,Dhaulagiri,धौलागिरी,
Diyo lamp,Diyo lamp,दियो बत्ती,
diyos,diyos,दियोहरू,
Doko basket,Doko basket,डोको,
Done,Done,सम्पन्न,
Done for today!,Done for today!,आजको लागि सकियो!,
Done: %s. Tap it in the scene to change.,Done: %s. Tap it in the scene to change.,सम्पन्न: %s। परिवर्तन गर्न दृश्यमा ट्याप गर्नुहोस्।,
Earn {n} coins,Earn {n} coins,{n} सिक्का कमाउनुहोस्,
Earn {n} stars,Earn {n} stars,{n} तारा कमाउनुहोस्,
Elephant,Elephant,हात्ती,
Empty jars can take anything.,Empty jars can take anything.,खाली बट्टाले जे पनि लिन सक्छ।,
Ends in %s,Ends in %s,%s मा सकिन्छ,
English,English,English,
Erase everything,Erase everything,सबै मेटाउनुहोस्,
Event,Event,कार्यक्रम,
Event Pass,Event Pass,कार्यक्रम पास,
Event Pass  %s,Event Pass  %s,कार्यक्रम पास %s,
Everest,Everest,एवरेस्ट,
Every area restored!,Every area restored!,हरेक क्षेत्र मर्मत भयो!,
Every chair has its own wobble.,Every chair has its own wobble.,हरेक कुर्सी आफ्नै तरिकाले हल्लिन्छ।,
"Every edge, every window.","Every edge, every window.","हरेक कोना, हरेक झ्याल।",
Every good pasal weighs its sweets fairly.,Every good pasal weighs its sweets fairly.,हरेक असल पसलले मिठाई ठीकसँग तौल्छ।,
Every guest needs a cup of tea.,Every guest needs a cup of tea.,हरेक पाहुनालाई एक कप चिया चाहिन्छ।,
Every task here is done!,Every task here is done!,यहाँका सबै काम सकिए!,
Everyone should know whose pasal this is.,Everyone should know whose pasal this is.,सबैलाई थाहा हुनुपर्छ यो कसको पसल हो।,
Exposed brick,Exposed brick,देखिने इँटा,
Extra Jar,Extra Jar,थप बट्टा,
Extra Jar  %d,Extra Jar  %d,थप बट्टा %d,
Extra Jar  (Watch ad),Extra Jar  (Watch ad),थप बट्टा (एड हेर्नुहोस्),
Extra Jar x3,Extra Jar x3,थप बट्टा x3,
Faded wallpaper with a mysterious stain shaped like a yak.,Faded wallpaper with a mysterious stain shaped like a yak.,याकको आकारको रहस्यमय धब्बा भएको पुरानो वालपेपर।,
"Faded, cracked and covered in old posters.","Faded, cracked and covered in old posters.","पुरानो, चिरिएको र पुराना पोस्टरले ढाकिएको।",
Fairy white,Fairy white,फेयरी सेतो,
Family Kitchen,Family Kitchen,परिवारको भान्सा,
Felt balls,Felt balls,फेल्ट बल,
Festival Fan,Festival Fan,चाडको पंखा,
Festival Fun,Festival Fun,चाडको रमाइलो,
Festival Glass,Festival Glass,चाडको गिलास,
Festival glass,Festival glass,चाडको गिलास,
Festival Night,Festival Night,चाडको रात,
Festive colours,Festive colours,चाडका रङहरू,
Fill 20 jars,Fill 20 jars,20 बट्टा भर्नुहोस्,
Fill 40 jars,Fill 40 jars,40 बट्टा भर्नुहोस्,
Fill pots with marigolds,Fill pots with marigolds,गाग्रोमा सयपत्री भर्नुहोस्,
Fill your first jar,Fill your first jar,आफ्नो पहिलो बट्टा भर्नुहोस्,
Fill {n} customer orders,Fill {n} customer orders,{n} ग्राहकको अर्डर भर्नुहोस्,
Fill {n} jars,Fill {n} jars,{n} बट्टा भर्नुहोस्,
Finish in %d moves,Finish in %d moves,%d चालमा सक्नुहोस्,
Finish the daily challenge,Finish the daily challenge,दैनिक चुनौती सक्नुहोस्,
Finish {n} daily challenges,Finish {n} daily challenges,{n} दैनिक चुनौती सक्नुहोस्,
First Lid,First Lid,पहिलो बिर्को,
First: %s,First: %s,पहिलो: %s,
Five generations of the pasal family.,Five generations of the pasal family.,पसल परिवारका पाँच पुस्ता।,
Fix the big window,Fix the big window,ठूलो झ्याल मर्मत गर्नुहोस्,
Fix the ceiling fan,Fix the ceiling fan,छतको पंखा मर्मत गर्नुहोस्,
Fix the chairs,Fix the chairs,कुर्सीहरू मर्मत गर्नुहोस्,
Fix the cupboard,Fix the cupboard,दराज मर्मत गर्नुहोस्,
Fix the delivery bicycle,Fix the delivery bicycle,डेलिभरी साइकल मर्मत गर्नुहोस्,
Fix the floor,Fix the floor,भुइँ मर्मत गर्नुहोस्,
Fix the ladder,Fix the ladder,भर्याङ मर्मत गर्नुहोस्,
Fix the old stool,Fix the old stool,पुरानो मोढा मर्मत गर्नुहोस्,
Fix the railing,Fix the railing,रेलिङ मर्मत गर्नुहोस्,
Fix the rusty shutter,Fix the rusty shutter,खियो लागेको सटर मर्मत गर्नुहोस्,
Fix the street lamp,Fix the street lamp,सडक बत्ती मर्मत गर्नुहोस्,
Fix the tea table,Fix the tea table,चिया टेबल मर्मत गर्नुहोस्,
Fix the upstairs window,Fix the upstairs window,माथिल्लो तलाको झ्याल मर्मत गर्नुहोस्,
"Flat tyre, rusty chain, and a bell that only goes 'clunk'.","Flat tyre, rusty chain, and a bell that only goes 'clunk'.","चाक्लो टायर, खियो लागेको चेन, र 'ठक्क' आवाज मात्र गर्ने घण्टी।",
Flower rug,Flower rug,फूलको गलैंचा,
Flowered cotton,Flowered cotton,फूलदार कपास,
Flowered paper,Flowered paper,फूलदार कागज,
Follow the hand first!,Follow the hand first!,पहिले हातलाई पछ्याउनुहोस्!,
For Bhai's floor picnics.,For Bhai's floor picnics.,भाइको भुइँ पिकनिकका लागि।,
For evening boat rides.,For evening boat rides.,साँझको डुङ्गा सवारीका लागि।,
For evenings on the roof.,For evenings on the roof.,छानामा साँझ बिताउनका लागि।,
For reading after dark.,For reading after dark.,अँध्यारो भएपछि पढ्नका लागि।,
For the aunties' afternoon meetings.,For the aunties' afternoon meetings.,काकीहरूको दिउँसोको भेटघाटका लागि।,
For watching the boats.,For watching the boats.,डुङ्गा हेर्नका लागि।,
For watching the sunset.,For watching the sunset.,सूर्यास्त हेर्नका लागि।,
Forest green,Forest green,जंगल हरियो,
Found in a crate. It still keeps perfect time.,Found in a crate. It still keeps perfect time.,बाकसमा भेटिएको। अझै ठीक समय देखाउँछ।,
Frame the family photos,Frame the family photos,परिवारका फोटोलाई फ्रेम गर्नुहोस्,
FREE,FREE,फ्री,
Free from your Dami streak!,Free from your Dami streak!,तपाईंको दामी लगातारबाट फ्री!,
Free sweets for every child in the tole.,Free sweets for every child in the tole.,टोलका सबै बच्चाका लागि फ्री मिठाई।,
Fresh jars of sweets right where customers can see them.,Fresh jars of sweets right where customers can see them.,ग्राहकले देख्ने ठाउँमै ताजा मिठाईका बट्टा।,
Fresh paint for the festival.,Fresh paint for the festival.,चाडको लागि ताजा रङ।,
Friends of Chiya Tole,Friends of Chiya Tole,चिया टोलका साथीहरू,
From our roof to Sunita Didi's.,From our roof to Sunita Didi's.,हाम्रो छानादेखि सुनिता दिदीको घरसम्म।,
Full,Full,पूरा,
Get 1 free  (Watch ad),Get 1 free  (Watch ad),1 फ्री पाउनुहोस् (एड हेर्नुहोस्),
Gift box,Gift box,उपहार बाकस,
Gift box: %s,Gift box: %s,उपहार बाकस: %s,
Give up  (-1 life),Give up  (-1 life),छोड्नुहोस् (-1 ज्यान),
Goats keep wandering in.,Goats keep wandering in.,बाख्राहरू भित्र आइरहन्छन्।,
Gold,Gold,सुन,
Gold frames,Gold frames,सुनको फ्रेम,
Gold letters,Gold letters,सुनको अक्षर,
Gold pack,Gold pack,गोल्ड प्याक,
Gold Rim,Gold Rim,सुनको घेरा,
Golden,Golden,सुनौलो,
Got it,Got it,बुझियो,
Green,Green,हरियो,
Green and pink,Green and pink,हरियो र गुलाबी,
Green enamel,Green enamel,हरियो इनामल,
Green frame,Green frame,हरियो फ्रेम,
Guests will be coming all night.,Guests will be coming all night.,पाहुना राती भरि आइरहनेछन्।,
Gulab,Gulab,गुलाब,
Haat Helper,Haat Helper,हाट सहयोगी,
Haat Helper x2,Haat Helper x2,हाट सहयोगी x2,
Hajurama,Hajurama,हजुरआमा,
Hajurama has a box of old photos.,Hajurama has a box of old photos.,हजुरआमासँग पुराना फोटोको बाकस छ।,
Hajurama has fabric saved for exactly this.,Hajurama has fabric saved for exactly this.,हजुरआमाले यसैका लागि कपडा जोगाएर राखेकी छिन्।,
Hajurama's bedroom window has been stuck for a year.,Hajurama's bedroom window has been stuck for a year.,हजुरआमाको सुत्ने कोठाको झ्याल एक वर्षदेखि अड्किएको छ।,
Hajurama's old tin cash box. The lid won't even close.,Hajurama's old tin cash box. The lid won't even close.,हजुरआमाको पुरानो टिनको पैसा बाकस। बिर्को बन्द नै हुँदैन।,
"Hajurama's shop, inside","Hajurama's shop, inside","हजुरआमाको पसल, भित्र",
Hajurama's sign has been face-down behind the shelf for ages.,Hajurama's sign has been face-down behind the shelf for ages.,हजुरआमाको साइनबोर्ड धेरै समयदेखि दराज पछाडि उल्टो अवस्थामा छ।,
Hajurama's smile,Hajurama's smile,हजुरआमाको मुस्कान,
Hajurama's Trunk,Hajurama's Trunk,हजुरआमाको बाकस,
Hajurama's Trunk: %d / %d wins in a row,Hajurama's Trunk: %d / %d wins in a row,हजुरआमाको बाकस: %d / %d पटक लगातार जित,
Hajurba,Hajurba,हजुरबा,
Hand loom,Hand loom,हाते तान,
"Hand-carved, mountain style.","Hand-carved, mountain style.","हातले कोरिएको, पहाडी शैली।",
Handful of coins,Handful of coins,मुठ्ठीभर सिक्का,
Handy,Handy,सिपालु,
Hang a festival banner,Hang a festival banner,चाडको ब्यानर झुण्ड्याउनुहोस्,
Hang a kitchen lamp,Hang a kitchen lamp,भान्साको बत्ती झुण्ड्याउनुहोस्,
Hang a lamp,Hang a lamp,बत्ती झुण्ड्याउनुहोस्,
Hang a marigold garland,Hang a marigold garland,सयपत्रीको माला झुण्ड्याउनुहोस्,
Hang colourful bunting,Hang colourful bunting,रंगीन पताका झुण्ड्याउनुहोस्,
Hang family photos,Hang family photos,परिवारका फोटो झुण्ड्याउनुहोस्,
Hang Hajurba's clock,Hang Hajurba's clock,हजुरबाको घडी झुण्ड्याउनुहोस्,
Hang kitchen curtains,Hang kitchen curtains,भान्साको पर्दा झुण्ड्याउनुहोस्,
Hang lanterns on the dock,Hang lanterns on the dock,घाटमा लालटिन झुण्ड्याउनुहोस्,
Hang new curtains,Hang new curtains,नयाँ पर्दा झुण्ड्याउनुहोस्,
Hang new lights,Hang new lights,नयाँ बत्ती झुण्ड्याउनुहोस्,
Hang paper bunting,Hang paper bunting,कागजको पताका झुण्ड्याउनुहोस्,
Hang paper lanterns,Hang paper lanterns,कागजको लालटिन झुण्ड्याउनुहोस्,
Hang the wall clock,Hang the wall clock,भित्ताको घडी झुण्ड्याउनुहोस्,
Happy Tihar from the pasal!,Happy Tihar from the pasal!,पसलबाट तिहारको शुभकामना!,
Haptics,Haptics,कम्पन,
HARD,HARD,कठिन,
Hard Worker,Hard Worker,मिहिनेती,
"Herbs, chilies and marigolds.","Herbs, chilies and marigolds.","जडिबुटी, खुर्सानी र सयपत्री।",
Here,Here,यहाँ,
Here's an extra jar. You can do it!,Here's an extra jar. You can do it!,यो थप बट्टा लिनुहोस्। तपाईं सक्नुहुन्छ!,
Hill-village Shop,Hill-village Shop,पहाडी गाउँको पसल,
Himalaya,Himalaya,हिमाल,
Himalayan Frost,Himalayan Frost,हिमाली तुषार,
HOME,HOME,गृह,
Home,Home,गृह,
Idle hints,Idle hints,सङ्केत,
Into the album,Into the album,एल्बममा,
"It only opens halfway, with a screech the whole tole can hear.","It only opens halfway, with a screech the whole tole can hear.","यो आधा मात्र खुल्छ, र त्यसको चिच्याहट सारा टोलले सुन्छ।",
It's from Hajurama's wedding. Really.,It's from Hajurama's wedding. Really.,यो हजुरआमाको विवाहको हो। साँच्चै।,
Jamun,Jamun,जामुन,
Jar Filler,Jar Filler,बट्टा भर्ने,
Jar skins,Jar skins,बट्टा स्किन,
Jars filled,Jars filled,भरिएका बट्टा,
Join the race,Join the race,दौडमा सामेल हुनुहोस्,
Juju dhau,Juju dhau,जुजु धौ,
"Just one bare bulb, swinging. Let's light the place up.","Just one bare bulb, swinging. Let's light the place up.",एउटै मात्र बल्ब झुन्डिरहेको छ। यो ठाउँ उज्यालो बनाउँ।,
Jute sacks,Jute sacks,जुटका बोरा,
Kafi,Kafi,काफी,
Kagati,Kagati,कागती,
Kanchenjunga,Kanchenjunga,कञ्चनजङ्घा,
Kanchha Dai,Kanchha Dai,कान्छा दाइ,
Kanchha Dai insists on doing the wiring.,Kanchha Dai insists on doing the wiring.,कान्छा दाइ आफैं वायरिंग गर्छु भन्छन्।,
Kettle,Kettle,केतली,
Khursani,Khursani,खुर्सानी,
Kite,Kite,चङ्गा,
Kite Week,Kite Week,चङ्गा हप्ता,
kites,kites,चङ्गाहरू,
Kites and sky,Kites and sky,चङ्गा र आकाश,
Kurta,Kurta,कुर्ता,
Lake sun is strong.,Lake sun is strong.,तालको घाम कडा छ।,
Lakeside Branch,Lakeside Branch,तालकिनारको शाखा,
Langtang,Langtang,लाङटाङ,
Lapsi,Lapsi,लप्सी,
Lapsi candy,Lapsi candy,लप्सी मिठाई,
Large,Large,ठूलो,
Laundry dries in an hour up here.,Laundry dries in an hour up here.,यहाँ लुगा एक घण्टामै सुख्छ।,
Laxmi Aunty,Laxmi Aunty,लक्ष्मी काकी,
Lay a big rug,Lay a big rug,ठूलो गलैंचा ओछ्याउनुहोस्,
Lay a kitchen rug,Lay a kitchen rug,भान्साको गलैंचा ओछ्याउनुहोस्,
Lay a new floor,Lay a new floor,नयाँ भुइँ बनाउनुहोस्,
Lay stone steps,Lay stone steps,ढुङ्गाका खुड्किला बनाउनुहोस्,
Leafy,Leafy,पातदार,
Leave,Leave,छोड्नुहोस्,
Leave level?,Leave level?,तह छोड्ने हो?,
Leave the pasal?,Leave the pasal?,पसल छोड्ने हो?,
Leaving will cost 1 life.,Leaving will cost 1 life.,छोड्दा 1 ज्यान घट्छ।,
Ledger,Ledger,बहीखाता,
Let the whole street see we're open after dark.,Let the whole street see we're open after dark.,अँध्यारो भएपछि पनि हामी खुला छौं भनेर सारा सडकले देखून्।,
Level %d,Level %d,तह %d,
Level %d chest,Level %d chest,तह %d सन्दुक,
Level 1,Level 1,तह 1,
Level failed,Level failed,तह असफल,
Levels completed,Levels completed,पूरा भएका तह,
Lhotse,Lhotse,ल्होत्से,
Light for late arrivals.,Light for late arrivals.,ढिलो आउनेहरूका लागि बत्ती।,
Light the courtyard,Light the courtyard,चोकको बत्ती बाल्नुहोस्,
Light the street lamps,Light the street lamps,सडक बत्ती बाल्नुहोस्,
Light up the street! Win levels to collect diyos.,Light up the street! Win levels to collect diyos.,सडक उज्यालो बनाउनुहोस्! दियो बटुल्न तह जित्नुहोस्।,
Line up the candy jars,Line up the candy jars,मिठाईका बट्टा लहरै मिलाउनुहोस्,
Lives are already full,Lives are already full,ज्यान पहिल्यै पूरा छ,
Lives refilled!,Lives refilled!,ज्यान फेरि भरियो!,
Living Room,Living Room,बैठक कोठा,
Locked,Locked,लक,
Locked! Fill a jar of %s to open it.,Locked! Fill a jar of %s to open it.,लक! यो खोल्न %s को बट्टा भर्नुहोस्।,
Lokta paper,Lokta paper,लोक्ता कागज,
Lucky coin,Lucky coin,भाग्यमानी सिक्का,
Madal drum,Madal drum,मादल,
Makalu,Makalu,मकालु,
Make Biralo a bed,Make Biralo a bed,बिरालोको लागि ओछ्यान बनाउनुहोस्,
Manaslu,Manaslu,मनास्लु,
Marigold,Marigold,सयपत्री,
Marigold garland,Marigold garland,सयपत्रीको माला,
Marigold plaster,Marigold plaster,सयपत्री प्लास्टर,
Marigold stripes,Marigold stripes,सयपत्री धारी,
Marigolds,Marigolds,सयपत्रीहरू,
Marigolds for the whole tole.,Marigolds for the whole tole.,सम्पूर्ण टोलको लागि सयपत्री।,
Maya,Maya,माया,
Maya laughing,Maya laughing,माया हाँसिरहेकी,
Maya's books from the city need a home.,Maya's books from the city need a home.,सहरबाट ल्याएका मायाका किताबहरूलाई ठाउँ चाहिन्छ।,
Mend the fence,Mend the fence,बार मर्मत गर्नुहोस्,
Mend the fences,Mend the fences,बारहरू मर्मत गर्नुहोस्,
Mend the jar shelf,Mend the jar shelf,बट्टाको दराज मर्मत गर्नुहोस्,
Micro bus,Micro bus,माइक्रो बस,
Mint for Sunita Didi's tea.,Mint for Sunita Didi's tea.,सुनिता दिदीको चियाको लागि पुदिना।,
Mint green,Mint green,मिन्ट हरियो,
Mission chest,Mission chest,मिसन सन्दुक,
Mission Master,Mission Master,मिसन मास्टर,
Missions,Missions,मिसनहरू,
Mixed bundle,Mixed bundle,मिश्रित बन्डल,
Modern steel,Modern steel,आधुनिक स्टिल,
Momo,Momo,मोमो,
Momo chef,Momo chef,मोमो शेफ,
Momo Fest,Momo Fest,मोमो फेस्ट,
momos,momos,मोमोहरू,
Monkey,Monkey,बाँदर,
Motorbike,Motorbike,मोटरबाइक,
Mountain Branch,Mountain Branch,पहाड शाखा,
Mountain flowers that love the cold.,Mountain flowers that love the cold.,जाडो मन पराउने पहाडी फूलहरू।,
Mountain Mart,Mountain Mart,माउन्टेन मार्ट,
Mountains,Mountains,पहाडहरू,
Move 150 candies,Move 150 candies,150 मिठाई चलाउनुहोस्,
Move {n} candies,Move {n} candies,{n} मिठाई चलाउनुहोस्,
Muddy every monsoon.,Muddy every monsoon.,हरेक मनसुनमा हिलाम्य हुन्छ।,
Music,Music,संगीत,
Mystery crates. One of them is ticking. (It's the old clock.),Mystery crates. One of them is ticking. (It's the old clock.),रहस्यमय बक्साहरू। एउटा टिकटिक गर्छ। (त्यो त पुरानो घडी हो।),
Nariwal,Nariwal,नरिवल,
Need space? Add a jar.,Need space? Add a jar.,ठाउँ चाहियो? बट्टा थपनुहोस्।,
Neelo,Neelo,नीलो,
Nepali Snacks,Nepali Snacks,नेपाली खाजा,
NEW,NEW,नयाँ,
New area: %s,New area: %s,नयाँ क्षेत्र: %s,
New challenge in %s,New challenge in %s,%s मा नयाँ चुनौती,
New missions in %s,New missions in %s,%s मा नयाँ मिसनहरू,
New! Free boosters to try before you play,New! Free boosters to try before you play,नयाँ! खेल्नु अघि प्रयास गर्न फ्री बुस्टरहरू,
New: the Haat Helper! %d free,New: the Haat Helper! %d free,नयाँ: हाट सहयोगी! %d फ्री,
Next race in %s,Next race in %s,%s मा अर्को दौड,
Next reward in %s,Next reward in %s,%s मा अर्को पुरस्कार,
Nice!,Nice!,राम्रो!,
Night bus,Night bus,रात्री बस,
No ad breaks between levels. Rewarded ads stay optional.,No ad breaks between levels. Rewarded ads stay optional.,तहहरू बीच कुनै एड ब्रेक छैन। पुरस्कृत एडहरू वैकल्पिक नै रहन्छन्।,
No Ads,No Ads,एड छैन,
No lives lost on the early levels. Try again!,No lives lost on the early levels. Try again!,सुरुका तहहरूमा ज्यान गुम्दैन। फेरि प्रयास गर्नुहोस्!,
No more ad breaks between levels,No more ad breaks between levels,तहहरू बीच अब एड ब्रेक छैन,
No moves left. A booster can fix that.,No moves left. A booster can fix that.,कुनै चाल बाँकी छैन। बुस्टरले ठीक पार्न सक्छ।,
No solution found (%d nodes),No solution found (%d nodes),No solution found (%d nodes),
Normal,Normal,सामान्य,
Not enough coins,Not enough coins,पर्याप्त सिक्का छैन,
Nothing left to shuffle,Nothing left to shuffle,मिसाउन केही बाँकी छैन,
Nothing to gather,Nothing to gather,बटुल्न केही छैन,
Nothing to undo,Nothing to undo,फिर्ता गर्न केही छैन,
Now at level %d,Now at level %d,Now at level %d,
OFF,OFF,बन्द,
OK,OK,ठीक छ,
Old-town green,Old-town green,पुरानो सहर हरियो,
ON,ON,खुला,
On the Road,On the Road,यात्रामा,
One blade hangs down like a sad leaf.,One blade hangs down like a sad leaf.,एउटा पत्ती उदास पातजस्तै झुन्डिरहेको छ।,
One more jar might do it. Second chance?,One more jar might do it. Second chance?,एक थप बट्टाले काम गर्न सक्छ। दोस्रो मौका?,
One sack split open. Biralo is very interested.,One sack split open. Biralo is very interested.,एउटा बोरा च्यातियो। बिरालोलाई धेरै चासो छ।,
One time only,One time only,एक पटक मात्र,
Only one extra jar per level,Only one extra jar per level,प्रत्येक तहमा एउटा मात्र थप बट्टा,
Oops? Tap Undo.,Oops? Tap Undo.,ओहो? फिर्ता थिच्नुहोस्।,
Open a big umbrella,Open a big umbrella,ठूलो छाता खोल्नुहोस्,
Open a chest,Open a chest,सन्दुक खोल्नुहोस्,
Open a level first,Open a level first,Open a level first,
Open a shelter umbrella,Open a shelter umbrella,आश्रय छाता खोल्नुहोस्,
Open a sun umbrella,Open a sun umbrella,घाम छाता खोल्नुहोस्,
Open Hajurama's Trunk {n} times,Open Hajurama's Trunk {n} times,हजुरआमाको बाकस {n} पटक खोल्नुहोस्,
Open link,Open link,लिङ्क खोल्नुहोस्,
Open the mission chest,Open the mission chest,मिसन सन्दुक खोल्नुहोस्,
Open the shop on {n} different days,Open the shop on {n} different days,{n} फरक दिनमा पसल खोल्नुहोस्,
Open up the window,Open up the window,झ्याल खोल्नुहोस्,
Open {n} chests,Open {n} chests,{n} सन्दुक खोल्नुहोस्,
Orange and gold everywhere.,Orange and gold everywhere.,जताततै सुन्तला र सुनौलो रंग।,
Order filled! +%d coins,Order filled! +%d coins,अर्डर पूरा भयो! +%d सिक्का,
Order Up,Order Up,अर्डर तयार,
Orders +%d coins,Orders +%d coins,अर्डर +%d सिक्का,
Out of lives,Out of lives,ज्यान सकियो,
Out of moves!,Out of moves!,चाल सकियो!,
Out on Chiya Tole,Out on Chiya Tole,चिया टोलमा बाहिर,
Own {n} cosmetics,Own {n} cosmetics,{n} कस्मेटिक्स राख्नुहोस्,
Packed earth and puddles. Rice sacks hate puddles.,Packed earth and puddles. Rice sacks hate puddles.,कडा माटो र हिलो पानी। चामलका बोराहरूलाई हिलो मन पर्दैन।,
Padlocked jar,Padlocked jar,ताल्चा लगाइएको बट्टा,
Paint a new sign,Paint a new sign,नयाँ साइनबोर्ड रंग्याउनुहोस्,
Paint the branch sign,Paint the branch sign,शाखाको साइनबोर्ड रंग्याउनुहोस्,
Paint the front door,Paint the front door,अगाडिको ढोका रंग्याउनुहोस्,
Paint the kitchen,Paint the kitchen,भान्सा रंग्याउनुहोस्,
Paint the living room,Paint the living room,बैठक कोठा रंग्याउनुहोस्,
Paint the rowing boat,Paint the rowing boat,डुंगा रंग्याउनुहोस्,
Paint the shared bicycle,Paint the shared bicycle,साझा साइकल रंग्याउनुहोस्,
Paint the shop front,Paint the shop front,पसलको अगाडिको भाग रंग्याउनुहोस्,
Paint the walls,Paint the walls,पर्खाल रंग्याउनुहोस्,
Paint the water tank,Paint the water tank,पानी ट्याङ्की रंग्याउनुहोस्,
Painted blue,Painted blue,निलो रंगिएको,
Painted crates,Painted crates,रंगिएका बक्साहरू,
Painted mint,Painted mint,मिन्ट रंगिएको,
Painted mural,Painted mural,रंगिएको भित्तेचित्र,
Painted red,Painted red,रातो रंगिएको,
Painted shut years ago. It's very stuffy in here.,Painted shut years ago. It's very stuffy in here.,वर्षौं अघि रंग लगाएर बन्द गरिएको। यहाँ धेरै घुम्टो छ।,
Painted tin,Painted tin,रंगिएको टिन,
Painted truck,Painted truck,रंगिएको ट्रक,
Painted yellow,Painted yellow,पहेंलो रंगिएको,
Pani puri,Pani puri,पानी पुरी,
Paper bag,Paper bag,कागजको झोला,
Paper flowers,Paper flowers,कागजका फूलहरू,
Paper lantern,Paper lantern,कागजको लालटिन,
Paper lanterns,Paper lanterns,कागजका लालटिनहरू,
Paper shade,Paper shade,कागजको शेड,
Park steel,Park steel,पार्क स्टिल,
Pasal Album,Pasal Album,पसल एल्बम,
Pasal Opened,Pasal Opened,पसल खोलियो,
Pasal Sort  v%s,Pasal Sort  v%s,Pasal Sort  v%s,
"Pasal Sort keeps your progress on this device only. No account, no personal data.","Pasal Sort keeps your progress on this device only. No account, no personal data.","पसल सर्टले तपाईंको प्रगति यही उपकरणमा मात्र राख्छ। खाता चाहिँदैन, व्यक्तिगत जानकारी लिइँदैन।",
"Pasal Sort: Sort & Renovate
Made with Godot Engine
Fonts: Lilita One and Baloo 2 (SIL Open Font License)
All art and sounds are made in code.
Thank you for playing!","Pasal Sort: Sort & Renovate
Made with Godot Engine
Fonts: Lilita One and Baloo 2 (SIL Open Font License)
All art and sounds are made in code.
Thank you for playing!","पसल सर्ट: मिलाऊ र सिँगार
Godot Engine बाट बनाइएको
फन्ट: Lilita One र Baloo 2 (SIL Open Font License)
सबै चित्र र आवाज कोडमा बनाइएका।
खेलिदिनुभएकोमा धन्यवाद!",
Pashmina,Pashmina,पश्मिना,
Pass,Pass,पास,
Pastel,Pastel,पेस्टल,
Pastels,Pastels,पेस्टलहरू,
Patterned tiles,Patterned tiles,ढाँचाका टायलहरू,
Paused,Paused,रोकिएको,
Pave the courtyard,Pave the courtyard,चोकमा ढलान गर्नुहोस्,
Peeling plaster everywhere. A fresh coat will work wonders.,Peeling plaster everywhere. A fresh coat will work wonders.,जताततै पोतेको प्लास्टर उछिट्टिएको। ताजा रंगले जादू गर्नेछ।,
Pema,Pema,पेमा,
Pick the one you like!,Pick the one you like!,तपाईंलाई मन पर्ने एउटा छान्नुहोस्!,
Pick up to %d boosters,Pick up to %d boosters,%d सम्म बुस्टर छान्नुहोस्,
Ping swing,Ping swing,पिङ स्विङ,
Pink cushion,Pink cushion,गुलाबी गद्दी,
Plain ring,Plain ring,सादा औंठी,
Plant a flower bed,Plant a flower bed,फूल बगैंचा रोप्नुहोस्,
Plant a rooftop garden,Plant a rooftop garden,छानामा बगैंचा रोप्नुहोस्,
Plant hardy flowers,Plant hardy flowers,बलिया फूलहरू रोप्नुहोस्,
PLAY,PLAY,खेल्नुहोस्,
Play for {n} hours,Play for {n} hours,{n} घण्टा खेल्नुहोस्,
Play time,Play time,खेलेको समय,
Polish the cash box,Polish the cash box,क्यास बक्स पालिश गर्नुहोस्,
Polish the floor,Polish the floor,भुइँ पालिश गर्नुहोस्,
Polish the steps,Polish the steps,सिँढी पालिश गर्नुहोस्,
Polished brass,Polished brass,पालिश गरिएको पित्तल,
Pot some flowers,Pot some flowers,फूल गमलामा राख्नुहोस्,
Pot some herbs,Pot some herbs,जडिबुटी गमलामा राख्नुहोस्,
Pot some plants,Pot some plants,बोट गमलामा राख्नुहोस्,
Privacy,Privacy,गोपनीयता,
Profile,Profile,प्रोफाइल,
PROFILE,PROFILE,प्रोफाइल,
Progress reset,Progress reset,प्रगति रिसेट भयो,
Pudina,Pudina,पुदिना,
Purchases restored,Purchases restored,खरिदहरू पुनर्स्थापित भए,
Put up a clothesline,Put up a clothesline,लुगा सुकाउने डोरी राख्नुहोस्,
Put up a trail lamp,Put up a trail lamp,बाटोको बत्ती राख्नुहोस्,
Put up an awning,Put up an awning,आवनिंग राख्नुहोस्,
Put up the shop sign,Put up the shop sign,पसलको साइनबोर्ड राख्नुहोस्,
Puzzle backgrounds,Puzzle backgrounds,पजल पृष्ठभूमिहरू,
Quit,Quit,बन्द गर्नुहोस्,
Race,Race,दौड,
Race %d/%d,Race %d/%d,दौड %d/%d,
Race ends in %s,Race ends in %s,दौड %s मा सकिन्छ,
"Race the shopkeepers of the bazaar to %d wins! (They're friendly characters, not real players.)","Race the shopkeepers of the bazaar to %d wins! (They're friendly characters, not real players.)","बजारका पसलेहरूसँग %d जित सम्म दौड लगाउनुहोस्! (तिनीहरू साथी किरदारहरू हुन्, वास्तविक खेलाडी होइनन्।)",
Racer,Racer,रेसर,
Rainbow,Rainbow,इन्द्रेणी,
Ramesh Sweets,Ramesh Sweets,रमेश स्विट्स,
Ramesh Uncle,Ramesh Uncle,रमेश काका,
RAMRO!,RAMRO!,राम्रो!,
Ramro!,Ramro!,राम्रो!,
Reach a Dami streak of {n},Reach a Dami streak of {n},दामी लगातार {n} पुग्नुहोस्,
Reach {n} event milestones,Reach {n} event milestones,{n} कार्यक्रम माइलस्टोन पुग्नुहोस्,
Rebuild the stone shop,Rebuild the stone shop,ढुङ्गाको पसल पुनर्निर्माण गर्नुहोस्,
Recycled tins,Recycled tins,पुन: प्रयोग गरिएका टिनहरू,
Red and cream,Red and cream,रातो र क्रिम,
Red and gold,Red and gold,रातो र सुनौलो,
Red and yellow,Red and yellow,रातो र पहेंलो,
Red brick,Red brick,रातो इँटा,
Red door,Red door,रातो ढोका,
Red panda,Red panda,रातो पाण्डा,
Red velvet,Red velvet,रातो भेल्वेट,
Refill all  %d,Refill all  %d,सबै  %d रिफिल गर्नुहोस्,
Refill lives,Refill lives,ज्यान रिफिल गर्नुहोस्,
Regular,Regular,नियमित,
Regular Visitor,Regular Visitor,नियमित ग्राहक,
Renovate!,Renovate!,मर्मत गर्नुहोस्!,
Renovator,Renovator,मर्मतकर्ता,
Repair the dock,Repair the dock,घाट मर्मत गर्नुहोस्,
Repair the steps,Repair the steps,सिँढी मर्मत गर्नुहोस्,
Replace the old stove,Replace the old stove,पुरानो चुलो बदल्नुहोस्,
Reset,Reset,रिसेट,
Reset progress,Reset progress,प्रगति रिसेट गर्नुहोस्,
Reset progress?,Reset progress?,प्रगति रिसेट गर्ने?,
"Rest, snack, and keep going.","Rest, snack, and keep going.","विश्राम गर्नुहोस्, खाजा खानुहोस्, अनि अगाडि बढ्नुहोस्।",
Restart,Restart,फेरि सुरु गर्नुहोस्,
Restart level?,Restart level?,तह फेरि सुरु गर्ने?,
Restore purchases,Restore purchases,खरिदहरू पुनर्स्थापना गर्नुहोस्,
Restore the family table,Restore the family table,परिवारको टेबल पुनर्स्थापना गर्नुहोस्,
Restore the window,Restore the window,झ्याल पुनर्स्थापना गर्नुहोस्,
Restore {n} areas,Restore {n} areas,{n} क्षेत्र पुनर्स्थापना गर्नुहोस्,
Restored,Restored,पुनर्स्थापित,
Resume,Resume,जारी राख्नुहोस्,
Retry,Retry,फेरि प्रयास गर्नुहोस्,
Reupholster the sofa,Reupholster the sofa,सोफा नयाँ कपडाले मिलाउनुहोस्,
Reward!,Reward!,पुरस्कार!,
"Reward: %d coins. Free to play, no lives.","Reward: %d coins. Free to play, no lives.","पुरस्कार: %d सिक्का। खेल्न फ्री, ज्यान चाहिँदैन।",
Rhino,Rhino,गैंडा,
Rickshaw,Rickshaw,रिक्सा,
Rooftop,Rooftop,छाना,
Roses and marigolds,Roses and marigolds,गुलाब र सयपत्री,
SABASH!,SABASH!,साबाश!,
Safa tempo,Safa tempo,सफा टेम्पो,
Same candy on top? You can stack them.,Same candy on top? You can stack them.,माथि उस्तै मिठाई? तपाईं तिनलाई थुपार्न सक्नुहुन्छ।,
"Same name, new address.","Same name, new address.","उस्तै नाम, नयाँ ठेगाना।",
Samosa,Samosa,समोसा,
Sanu,Sanu,सानु,
School uniform,School uniform,विद्यालयको पोशाक,
Scratches from forty years of furniture moving.,Scratches from forty years of furniture moving.,चालिस वर्षको फर्निचर सारसारको धर्काहरू।,
Sel roti,Sel roti,सेल रोटी,
Set complete!,Set complete!,सेट पूरा भयो!,
Set up a sweets stall,Set up a sweets stall,मिठाई स्टल राख्नुहोस्,
SETTINGS,SETTINGS,सेटिङ,
Settings,Settings,सेटिङ,
Sew a curtain,Sew a curtain,पर्दा सिउनुहोस्,
Shade for afternoon tea.,Shade for afternoon tea.,दिउँसोको चियाको लागि छायाँ।,
Shade for the sweets and shelter from the monsoon.,Shade for the sweets and shelter from the monsoon.,मिठाईको लागि छायाँ र मनसुनबाट आश्रय।,
Shared with the neighbours,Shared with the neighbours,छिमेकीहरूसँग साझा गरिएको,
Shawl,Shawl,शाल,
Shelter from sudden showers.,Shelter from sudden showers.,अचानक आउने वर्षाबाट आश्रय।,
Shine the brass scale,Shine the brass scale,पित्तलको तराजू टल्काउनुहोस्,
Shiny brass,Shiny brass,टल्काइएको पित्तल,
Shiny Foil,Shiny Foil,टल्काउने फोइल,
Shop,Shop,पसल,
SHOP,SHOP,पसल,
Shop Treasures,Shop Treasures,पसलका खजाना,
Shopkeeper,Shopkeeper,पसले,
Shuffle,Shuffle,मिसाउनुहोस्,
Shuffle x3,Shuffle x3,मिसाउनुहोस् x3,
Shutter Up,Shutter Up,सटर उचाल्नुहोस्,
Silver,Silver,चाँदी,
Skip,Skip,छोड्नुहोस्,
Sky blue,Sky blue,आकाशे नीलो,
Smoke-stained from years of cooking.,Smoke-stained from years of cooking.,वर्षौंको खाना पकाउनाले धुवाँले कालो भएको।,
Snacks for the whole season.,Snacks for the whole season.,सिजनभरिका खाजा।,
Snow leopard,Snow leopard,हिउँ चितुवा,
Snowy Mountain Shop,Snowy Mountain Shop,हिउँ पहाड पसल,
So close!,So close!,लगभग भयो!,
So close! Keep going with %d more moves?,So close! Keep going with %d more moves?,लगभग भयो! थप %d चालका साथ जारी राख्ने?,
So trekkers can spot us from the trail.,So trekkers can spot us from the trail.,ताकि ट्रेकरहरूले बाटोबाटै हामीलाई देख्न सकून्।,
Solid wood,Solid wood,ठोस काठ,
Solution: %d moves. Next: %d -> %d,Solution: %d moves. Next: %d -> %d,Solution: %d moves. Next: %d -> %d,
Some candies hide in paper wrappers. A wrapper opens when its candy reaches the top.,Some candies hide in paper wrappers. A wrapper opens when its candy reaches the top.,कतिपय मिठाई कागजको खोलभित्र लुकेका हुन्छन्। मिठाई माथि पुग्दा खोल खुल्छ।,
Something bright over the new window.,Something bright over the new window.,नयाँ झ्यालमाथि केही उज्यालो चाहियो।,
Something cheerful to keep the sun out at noon.,Something cheerful to keep the sun out at noon.,मध्यदिनको घामबाट जोगिन केही रमाइलो चाहियो।,
Something green in the corner.,Something green in the corner.,कुनामा केही हरियो चाहियो।,
"Somewhere to sit, sip tea and gossip.","Somewhere to sit, sip tea and gossip.",बसेर चिया खाने र गपसप गर्ने ठाउँ।,
Sort every jar,Sort every jar,हरेक बट्टा मिलाउनुहोस्,
Sort every jar. Fill customer orders for bonus coins!,Sort every jar. Fill customer orders for bonus coins!,हरेक बट्टा मिलाउनुहोस्। ग्राहकको अर्डर पूरा गरे थप सिक्का पाउनुहोस्!,
Sort the crates,Sort the crates,बाकसहरू मिलाउनुहोस्,
Sound,Sound,आवाज,
Sparklers,Sparklers,फुलबुट्टी,
Spend %d more stars on your shop for the next star chest,Spend %d more stars on your shop for the next star chest,अर्को तारा सन्दुकका लागि आफ्नो पसलमा थप %d तारा खर्च गर्नुहोस्,
Spend 3 stars,Spend 3 stars,३ तारा खर्च गर्नुहोस्,
Spotless for the festival.,Spotless for the festival.,चाडका लागि टल्कुन सफा।,
Stack supply crates,Stack supply crates,सामानका बाकस थुपार्नुहोस्,
Stack the rice sacks,Stack the rice sacks,चामलका बोरा थुपार्नुहोस्,
Stamped sacks,Stamped sacks,छापा लागेका बोराहरू,
Star chest,Star chest,तारा सन्दुक,
Star Collector,Star Collector,तारा सङ्कलक,
Start kit,Start kit,सुरुवात किट,
Start over,Start over,फेरि सुरु गर्नुहोस्,
Start this level again from the beginning?,Start this level again from the beginning?,यो तह फेरि सुरुबाट सुरु गर्ने?,
Starter pack,Starter pack,सुरुवात प्याक,
Steam needs somewhere to go.,Steam needs somewhere to go.,बाफलाई जाने ठाउँ चाहियो।,
Steel,Steel,स्टिल,
Steel cabinet,Steel cabinet,स्टिलको दराज,
Steel frame,Steel frame,स्टिलको फ्रेम,
Steel racking,Steel racking,स्टिलको रेकिङ,
Steel racks,Steel racks,स्टिलका रेकहरू,
Steel range,Steel range,स्टिलको चुलो,
Steel safe,Steel safe,स्टिलको सेफ,
Steel tank,Steel tank,स्टिलको ट्यांकी,
Steel-lid Jar,Steel-lid Jar,स्टिल बिर्कोको बट्टा,
Sticker Fan,Sticker Fan,स्टिकर प्रेमी,
Sticker pack,Sticker pack,स्टिकर प्याक,
Sticker pack!,Sticker pack!,स्टिकर प्याक!,
Sticker stars: %d,Sticker stars: %d,स्टिकर तारा: %d,
Stickers!,Stickers!,स्टिकरहरू!,
Still the same bulb from 1998. Probably.,Still the same bulb from 1998. Probably.,सायद अझै १९९८ कै बल्ब होला।,
Stone and slate,Stone and slate,ढुङ्गा र स्लेट,
Stone bed,Stone bed,ढुङ्गाको क्यारी,
Stone paving,Stone paving,ढुङ्गाको बाटो,
Stone slabs,Stone slabs,ढुङ्गाका पाटीहरू,
Stone tiles,Stone tiles,ढुङ्गाका टायलहरू,
Storage Room,Storage Room,भण्डार कोठा,
Streak Master,Streak Master,लगातार मास्टर,
Streak: %d days,Streak: %d days,लगातार: %d दिन,
Street dog,Street dog,सडक कुकुर,
String bunting across the street,String bunting across the street,सडकभरि ध्वजा झुण्ड्याउनुहोस्,
String fairy lights,String fairy lights,झिलिमिली बत्ती झुण्ड्याउनुहोस्,
String lights to the dock,String lights to the dock,घाटसम्म बत्ती झुण्ड्याउनुहोस्,
String up lights,String up lights,बत्तीहरू झुण्ड्याउनुहोस्,
Striped Paper,Striped Paper,धर्केदार कागज,
Striped rug,Striped rug,धर्केदार गलैँचा,
Stuck?,Stuck?,अलमलिनुभयो?,
Sturdy wood,Sturdy wood,मजबुत काठ,
Stylist,Stylist,स्टाइलिस्ट,
Sunita Didi,Sunita Didi,सुनिता दिदी,
Sunita Didi's momo festival! Win levels to collect momos.,Sunita Didi's momo festival! Win levels to collect momos.,सुनिता दिदीको मःम चाड! मःम सङ्कलन गर्न तहहरू जित्नुहोस्।,
Sunita Didi's stall leans to the left.,Sunita Didi's stall leans to the left.,सुनिता दिदीको पसल देब्रेतिर ढल्केको छ।,
Sunny yellow,Sunny yellow,घमाइलो पहेंलो,
Suntala,Suntala,सुन्तला,
SUPER HARD,SUPER HARD,अति कठिन,
Super Sorter,Super Sorter,सुपर सर्टर,
Sweep the street,Sweep the street,सडक बढार्नुहोस्,
Sweets box,Sweets box,मिठाईको बट्टा,
Sweets tin,Sweets tin,मिठाईको टिन,
Tables for tea outside.,Tables for tea outside.,बाहिर चिया खाने टेबुलहरू।,
Tall jar,Tall jar,अग्लो बट्टा,
Tap a jar,Tap a jar,बट्टामा थिच्नुहोस्,
Tap to continue,Tap to continue,अगाडि बढ्न थिच्नुहोस्,
Tap to spend 1 star,Tap to spend 1 star,१ तारा खर्च गर्न थिच्नुहोस्,
Tap where it goes,Tap where it goes,जहाँ जाने हो त्यहाँ थिच्नुहोस्,
Tasks,Tasks,कामहरू,
Tasks done,Tasks done,सकिएका काम,
Taxi,Taxi,ट्याक्सी,
Teal,Teal,टिल,
Teal cotton,Teal cotton,टिल कटन,
Teal stripes,Teal stripes,टिल धर्का,
Teal with flowers,Teal with flowers,फूलसहितको टिल,
Terracotta,Terracotta,टेराकोटा,
Terracotta tiles,Terracotta tiles,टेराकोटा टायल,
test only,test only,परीक्षणका लागि मात्र,
Test purchase,Test purchase,परीक्षण खरिद,
TEST PURCHASE,TEST PURCHASE,TEST PURCHASE,
Thamel Evening Lights,Thamel Evening Lights,थमेल साँझको बत्ती,
Thank you!,Thank you!,धन्यवाद!,
The best view of the hills in the house.,The best view of the hills in the house.,घरबाटै पहाडको सबैभन्दा राम्रो दृश्य।,
The doors fall off if you breathe on them.,The doors fall off if you breathe on them.,ढोका यति लुते छ कि सास फेरे पनि खुल्छ।,
The Haat Helper gathers one candy for you.,The Haat Helper gathers one candy for you.,हाट सहयोगीले तपाईंका लागि एक मिठाई बटुल्छ।,
The Haat Helper needs an empty jar,The Haat Helper needs an empty jar,हाट सहयोगीलाई खाली बट्टा चाहिन्छ,
The middle shelf is sagging and the jars have tipped over.,The middle shelf is sagging and the jars have tipped over.,बीचको दराज थिचिएको छ र बट्टाहरू लडेका छन्।,
The Old Counter,The Old Counter,पुरानो काउन्टर,
The old ones are more hole than curtain.,The old ones are more hole than curtain.,पुराना पर्दामा पर्दाभन्दा प्वाल बढी छन्।,
The oldest tree in Chiya Tole.,The oldest tree in Chiya Tole.,चिया टोलको सबैभन्दा पुरानो रूख।,
The race is over. Better luck next time!,The race is over. Better luck next time!,दौड सकियो। अर्को पटक शुभकामना!,
The Shop Front,The Shop Front,पसलको अगाडिपट्टि,
The sky over Chiya Tole fills with kites. Win levels to collect kites!,The sky over Chiya Tole fills with kites. Win levels to collect kites!,चिया टोलको आकाश चङ्गाले भरिन्छ। चङ्गा सङ्कलन गर्न तहहरू जित्नुहोस्!,
The springs have a mind of their own.,The springs have a mind of their own.,स्प्रिङहरूको आफ्नै मनमानी छ।,
They'll reflect in the water.,They'll reflect in the water.,तिनीहरू पानीमा झल्किनेछन्।,
Thick walls for cold nights.,Thick walls for cold nights.,चिसो रातका लागि बाक्लो पर्खाल।,
This can't be undone.,This can't be undone.,यो फिर्ता गर्न सकिँदैन।,
"This erases your levels, coins, stars, renovations and stickers. Settings are kept.","This erases your levels, coins, stars, renovations and stickers. Settings are kept.","यसले तपाईंका तह, सिक्का, तारा, सिँगार र स्टिकर मेटाउँछ। सेटिङ भने रहन्छ।",
This jar is covered with a woven cloth. Fill any 2 jars and the cloth slides off.,This jar is covered with a woven cloth. Fill any 2 jars and the cloth slides off.,"यो बट्टा बुनेको कपडाले ढाकिएको छ। कुनै २ बट्टा भर्नुहोस्, कपडा आफैं सर्छ।",
Tiger,Tiger,बाघ,
Tihar Lights,Tihar Lights,तिहारको बत्ती,
Tihar Night,Tihar Night,तिहार राति,
Tihar on Chiya Tole,Tihar on Chiya Tole,चिया टोलमा तिहार,
Tile the floor,Tile the floor,भुइँमा टायल लगाउनुहोस्,
Tile the rooftop,Tile the rooftop,छानामा टायल लगाउनुहोस्,
Tiled hearth,Tiled hearth,टायलयुक्त चुलो,
Timber,Timber,काठ,
Tin boxes,Tin boxes,टिनका बट्टाहरू,
Tin stall,Tin stall,टिनको पसल,
Tinted glass,Tinted glass,रङ्गिएको सिसा,
Tip: empty jars can take any candy.,Tip: empty jars can take any candy.,सुझाव: खाली बट्टाले जुनसुकै मिठाई लिन सक्छ।,
Tip: every win earns a star. Spend stars to fix up the shop!,Tip: every win earns a star. Spend stars to fix up the shop!,सुझाव: हरेक जितमा एक तारा पाइन्छ। पसल मर्मत गर्न तारा खर्च गर्नुहोस्!,
Tip: stack the same candy on top of each other.,Tip: stack the same candy on top of each other.,सुझाव: उस्तै मिठाई एकैमाथि अर्को थुपार्नुहोस्।,
Tip: stuck? An Extra Jar gives you breathing room.,Tip: stuck? An Extra Jar gives you breathing room.,सुझाव: अलमलिनुभयो? थप बट्टाले अलिक फुर्सद दिन्छ।,
Tip: tap anything you renovated to change its style for free.,Tip: tap anything you renovated to change its style for free.,सुझाव: मर्मत गरेको कुनै पनि चीजमा थिचेर यसको शैली सित्तैमा बदल्नुहोस्।,
Tip: there is no timer. Take your time.,Tip: there is no timer. Take your time.,सुझाव: यहाँ समय सीमा छैन। आरामसँग खेल्नुहोस्।,
Tip: Undo takes back as many moves as you like.,Tip: Undo takes back as many moves as you like.,सुझाव: फिर्ताले तपाईंले चाहेजति चाल फिर्ता लैजान्छ।,
Tip: wrapped candies open when they reach the top.,Tip: wrapped candies open when they reach the top.,सुझाव: बेरिएका मिठाई माथि पुग्दा खुल्छन्।,
Today: %s,Today: %s,आज: %s,
Tole Treats,Tole Treats,टोलका परिकार,
Trail Snacks,Trail Snacks,बाटोका खाजा,
Treasure Hunter,Treasure Hunter,खजाना खोजी,
Trekkers have tired legs.,Trekkers have tired legs.,ट्रेकरका खुट्टा थाकेका छन्।,
Trekking jacket,Trekking jacket,ट्रेकिङ ज्याकेट,
"Turmeric, cumin, chili... all in one jumbled tin.","Turmeric, cumin, chili... all in one jumbled tin.","बेसार, जीरा, खुर्सानी... सबै एउटै टिनमा मिसिएर।",
Tutorials reset,Tutorials reset,Tutorials reset,
Two rungs missing. Nobody can reach the top shelf.,Two rungs missing. Nobody can reach the top shelf.,दुई खुर्किला हराएका छन्। कोही पनि माथिल्लो दराजसम्म पुग्न सक्दैन।,
Undo,Undo,फिर्ता,
Undo x5,Undo x5,फिर्ता x5,
Unstick the window,Unstick the window,टाँसिएको झ्याल फुकाउनुहोस्,
Untangler,Untangler,गाँठो फुकाउने,
Up to %d boosters per level,Up to %d boosters per level,प्रत्येक तहमा बढीमा %d बुस्टर,
Upgrade the tea stall,Upgrade the tea stall,चिया पसल स्तरोन्नति गर्नुहोस्,
"Upstairs, where the tea is","Upstairs, where the tea is","माथि, जहाँ चिया छ",
Use a booster,Use a booster,बुस्टर प्रयोग गर्नुहोस्,
Use the Haat Helper {n} times,Use the Haat Helper {n} times,हाट सहयोगी {n} पटक प्रयोग गर्नुहोस्,
Use your star to clean the counter,Use your star to clean the counter,काउन्टर सफा गर्न तपाईंको तारा प्रयोग गर्नुहोस्,
Use {n} boosters,Use {n} boosters,{n} बुस्टर प्रयोग गर्नुहोस्,
Visit,Visit,भ्रमण गर्नुहोस्,
WAAH!,WAAH!,वाह!,
Wait,Wait,पर्खनुहोस्,
Warm bulbs,Warm bulbs,न्यानो बल्ब,
Warm feet in winter.,Warm feet in winter.,जाडोमा न्यानो खुट्टा।,
Warm plaster,Warm plaster,न्यानो प्लास्टर,
Watch,Watch,हेर्नुहोस्,
Watch a short ad for %d coins. Once a day.,Watch a short ad for %d coins. Once a day.,%d सिक्काका लागि छोटो विज्ञापन हेर्नुहोस्। दिनमा एक पटक।,
Webs in every corner. Biralo refuses to go in.,Webs in every corner. Biralo refuses to go in.,हरेक कुनामा झुसिल्के जाली। बिरालो भित्र जान मान्दैन।,
"Weeds, puddles and potholes right outside the door.","Weeds, puddles and potholes right outside the door.","ढोकाबाहिरै झार, पानीका खाल्टा र खाल्डाखुल्डी।",
Welcome back! Your jars are just as you left them.,Welcome back! Your jars are just as you left them.,फेरि स्वागत छ! तपाईंका बट्टा तपाईंले छोडेकै अवस्थामा छन्।,
"Where everyone eats, argues and laughs.","Where everyone eats, argues and laughs.","जहाँ सबैले खाना खाने, झगडा गर्ने र हाँस्ने गर्छन्।",
Where the family gathers,Where the family gathers,जहाँ परिवार भेला हुन्छ,
Which candy should the helper gather?,Which candy should the helper gather?,सहयोगीले कुन मिठाई बटुल्ने?,
White blades,White blades,सेता पंखा ब्लेड,
White fence,White fence,सेतो घेरा,
White frame,White frame,सेतो फ्रेम,
White painted,White painted,सेतो रङ लगाइएको,
Whitewashed,Whitewashed,चुनले सेतो पोतिएको,
Whitewashed brick,Whitewashed brick,चुनले सेतो पोतिएको इँटा,
Wicker with dhaka,Wicker with dhaka,ढाकासहितको बाँसको बुनाई,
Wildflowers from the hills.,Wildflowers from the hills.,पहाडका जंगली फूलहरू।,
Win 2 levels without boosters,Win 2 levels without boosters,बुस्टर बिना २ तह जित्नुहोस्,
Win 3 levels,Win 3 levels,३ तह जित्नुहोस्,
Win 5 levels,Win 5 levels,५ तह जित्नुहोस्,
Win a HARD level,Win a HARD level,एक कठिन तह जित्नुहोस्,
Win {n} Bazaar Races,Win {n} Bazaar Races,{n} बजार दौड जित्नुहोस्,
Win {n} levels with twists,Win {n} levels with twists,ट्विस्टसहित {n} तह जित्नुहोस्,
Win {n} levels without boosters,Win {n} levels without boosters,बुस्टर बिना {n} तह जित्नुहोस्,
Wobbly. Nobody leans on it. Nobody!,Wobbly. Nobody leans on it. Nobody!,हल्लिने। कोहीले पनि अडेस नलगाउनू। कोहीले पनि!,
Wood panelling,Wood panelling,काठको प्यानल,
Wood-panel look,Wood-panel look,काठ प्यानल जस्तो,
Wooden,Wooden,काठको,
Wooden blades,Wooden blades,काठका पंखा ब्लेड,
Wooden chest,Wooden chest,काठको सन्दुक,
Wooden crates,Wooden crates,काठका बाकसहरू,
Wooden fence,Wooden fence,काठको घेरा,
Wooden frames,Wooden frames,काठका फ्रेम,
Wooden ladder,Wooden ladder,काठको भर्‍याङ,
Wooden planks,Wooden planks,काठका फल्याक,
Wooden planter,Wooden planter,काठको गमला,
Wooden stall,Wooden stall,काठको पसल,
Wrap the shop in lights,Wrap the shop in lights,पसललाई बत्तीले बेर्नुहोस्,
Wrapped candies,Wrapped candies,बेरिएका मिठाई,
Writing level report...,Writing level report...,Writing level report...,
Wrought iron,Wrought iron,कलात्मक फलाम,
x2 COINS,x2 COINS,x2 सिक्का,
Yak,Yak,याक,
Yaks wander through. Often.,Yaks wander through. Often.,याकहरू ओहोरदोहोर गर्छन्। प्रायः।,
Years of dust! Give the old counter a good scrub.,Years of dust! Give the old counter a good scrub.,वर्षौंको धुलो! पुरानो काउन्टरलाई राम्ररी माझ्नुहोस्।,
Yomari,Yomari,योमरी,
You can renovate!,You can renovate!,तपाईं अब मर्मत गर्न सक्नुहुन्छ!,
You finished #%d!,You finished #%d!,तपाईंले #%d पूरा गर्नुभयो!,
You have %d %s,You have %d %s,तपाईंसँग %d %s छ,
You lost a life. %d left.,You lost a life. %d left.,तपाईंले एक ज्यान गुमाउनुभयो। %d बाँकी।,
You need %d more star(s). Win a level!,You need %d more star(s). Win a level!,तपाईंलाई थप %d तारा चाहिन्छ। एक तह जित्नुहोस्!,
Your pasal,Your pasal,तपाईंको पसल,
Your progress is saved.,Your progress is saved.,तपाईंको प्रगति सुरक्षित भयो।,
...Why is the switch on the ceiling? Never mind. Fixed!,...Why is the switch on the ceiling? Never mind. Fixed!,...स्विच छानामा किन छ? केही होइन। ठीक भो!,story: needs native review
A bench! Now the aunties will sit here all afternoon. You'll hear everything!,A bench! Now the aunties will sit here all afternoon. You'll hear everything!,बेन्च! अब काकीहरू यहाँ दिउँसोभरि बसिरहनेछन्। तिमीले सबै कुरा सुनिहाल्छौ!,story: needs native review
A boat delivery service! Ahoy!,A boat delivery service! Ahoy!,डुङ्गा डेलिभरी सेवा! ओए!,story: needs native review
"A dry floor keeps the rice dry. Simple science, nani.","A dry floor keeps the rice dry. Simple science, nani.","सुकेको भुइँले चामल सुकेको राख्छ। सजिलो विज्ञान हो, नानी।",story: needs native review
"A fair scale makes a happy customer. Remember that, nani.","A fair scale makes a happy customer. Remember that, nani.","ठीक तराजूले ग्राहक खुसी हुन्छ। यो सम्झ, नानी।",story: needs native review
"A little oil, a big push... and!","A little oil, a big push... and!","थोरै तेल, ठूलो धक्का... र!",story: needs native review
A new stove! My sel roti will be even better now.,A new stove! My sel roti will be even better now.,नयाँ चुलो! अब मेरो सेलरोटी अझ राम्रो हुनेछ।,story: needs native review
"A place for everything, and everything in its place.","A place for everything, and everything in its place.","हरेक चिजको आफ्नै ठाउँ, र हरेक चिज आफ्नो ठाउँमा।",story: needs native review
A tea table! I'll bring the tea.,A tea table! I'll bring the tea.,चिया टेबुल! म चिया ल्याउँछु।,story: needs native review
A yak sat on my toolbox. A YAK.,A yak sat on my toolbox. A YAK.,एउटा याक मेरो औजार बाकसमा बस्यो। याक!,story: needs native review
"And a very, very old hut. With a very, very leaky roof.","And a very, very old hut. With a very, very leaky roof.","र एउटा धेरै, धेरै पुरानो झुपडी। धेरै चुहिने छानासहित।",story: needs native review
And Chiya Tole has the best tea AND the best sweets.,And Chiya Tole has the best tea AND the best sweets.,र चिया टोलमा सबैभन्दा राम्रो चिया पनि छ अनि सबैभन्दा राम्रो मिठाई पनि।,story: needs native review
And upstairs? Our kitchen still has the stove from my wedding.,And upstairs? Our kitchen still has the stove from my wedding.,र माथिल्लो तलामा? हाम्रो भान्सामा अझै मेरो बिहेको चुलो छ।,story: needs native review
"Another light, another success for Kanchha Dai!","Another light, another success for Kanchha Dai!","अर्को बत्ती, कान्छा दाइको अर्को सफलता!",story: needs native review
Another shop? Maybe... by the lake?,Another shop? Maybe... by the lake?,अर्को पसल? सायद... तालको किनारमा?,story: needs native review
"Because someone stopped dropping toffees on it. Right, Bhai?","Because someone stopped dropping toffees on it. Right, Bhai?","किनभने कसैले यसमा टफी खसाल्न छाड्यो। हैन त, भाइ?",story: needs native review
"Better, Hajurama. The jars are sorted and the lights are on.","Better, Hajurama. The jars are sorted and the lights are on.","अझ राम्रो, हजुरआमा। बट्टाहरू मिलाइसकियो र बत्तीहरू बलेका छन्।",story: needs native review
Bhai... why is there a sock on the ceiling fan?,Bhai... why is there a sock on the ceiling fan?,भाइ... छानाको पंखामा मोजा किन छ?,story: needs native review
"Biralo, that is not a bed. Get out of the Lapsi jar.","Biralo, that is not a bed. Get out of the Lapsi jar.","बिरालो, त्यो ओछ्यान होइन। लप्सीको बट्टाबाट बाहिर आऊ।",story: needs native review
Both lamps at once! Did everyone see that?,Both lamps at once! Did everyone see that?,दुबै बत्ती एकैचोटि! सबैले त्यो देख्यो?,story: needs native review
"Bye bye, yak stain!","Bye bye, yak stain!","बाई बाई, याकको धर्सा!",story: needs native review
Can we go on the roof now? I want to fly my kite!,Can we go on the roof now? I want to fly my kite!,अब छानामा जाऊँ? मलाई चङ्गा उडाउनु छ!,story: needs native review
Can we open the front now? The shutter is SO rusty.,Can we open the front now? The shutter is SO rusty.,अब अगाडिपट्टि खोलौं? सटर एकदमै खियाएको छ।,story: needs native review
Cool tiles under bare feet. Bliss.,Cool tiles under bare feet. Bliss.,खाली खुट्टामुनि चिसो टायल। कति आनन्द।,story: needs native review
Customers came from three toles away!,Customers came from three toles away!,ग्राहकहरू तीन टोल परबाट आए!,story: needs native review
Customers will see the sweets the moment they walk in.,Customers will see the sweets the moment they walk in.,ग्राहकले भित्र पस्ने बित्तिकै मिठाई देख्नेछन्।,story: needs native review
Didi! Tihar is next week! Can we decorate the whole street?,Didi! Tihar is next week! Can we decorate the whole street?,दिदी! तिहार अर्को हप्ता छ! हामी सारा सडक सजाउन सक्छौं?,story: needs native review
"Didi, it looks like a festival!","Didi, it looks like a festival!","दिदी, यो त चाड जस्तै देखिन्छ!",story: needs native review
"Didi, it's only been fixed for one minute...","Didi, it's only been fixed for one minute...","दिदी, एक मिनेट अघि मात्र बनाइएको हो...",story: needs native review
"Didi, it's so dark! How will anyone find our shop?","Didi, it's so dark! How will anyone find our shop?","दिदी, यो त एकदमै अँध्यारो छ! कसैले हाम्रो पसल कसरी भेट्टाउँछ?",story: needs native review
"Didi, the living room still smells like old socks.","Didi, the living room still smells like old socks.","दिदी, बैठक कोठामा अझै पुरानो मोजाको गन्ध आउँछ।",story: needs native review
Didi... you go first.,Didi... you go first.,दिदी... तिमी पहिले जाऊ।,story: needs native review
Dinner at a real table! No more eating on the stairs.,Dinner at a real table! No more eating on the stairs.,साँचो टेबुलमा खाना! अब सिँढीमा बसेर खानु पर्दैन।,story: needs native review
"Don't worry, nani. The best tea stall in Chiya Tole is right next door. You'll have help!","Don't worry, nani. The best tea stall in Chiya Tole is right next door. You'll have help!",नचिन्ता नानी। चिया टोलको सबैभन्दा राम्रो चिया पसल ठीक छिमेकमै छ। तिमीलाई सहायता पाइहाल्छ!,story: needs native review
"Double the lights! One in the sky, one in the lake!","Double the lights! One in the sky, one in the lake!","दोब्बर बत्ती! एक आकाशमा, एक तालमा!",story: needs native review
"Even up here, flowers find a way.","Even up here, flowers find a way.","यहाँ माथि पनि, फूलहरूले बाटो भेट्टाउँछन्।",story: needs native review
Every corner swept. Chiya Tole sparkles.,Every corner swept. Chiya Tole sparkles.,हरेक कुना बढारिएको। चिया टोल चम्किन्छ।,story: needs native review
Every evening can feel a little bit like one.,Every evening can feel a little bit like one.,हरेक साँझ अलिकति चाड जस्तै लाग्न सक्छ।,story: needs native review
"Every jar back in its place. Twelve flavours, all in a row.","Every jar back in its place. Twelve flavours, all in a row.","हरेक बट्टा फेरि आफ्नो ठाउँमा। बाह्र स्वाद, सबै लहरमा।",story: needs native review
"Every spice in its own jar. Like your candies, nani!","Every spice in its own jar. Like your candies, nani!","हरेक मसला आफ्नै बट्टामा। तिम्रा मिठाईहरू जस्तै, नानी!",story: needs native review
Everybody's bicycle! I'm first!,Everybody's bicycle! I'm first!,सबैको साइकल! म पहिलो!,story: needs native review
Everything? Oh no.,Everything? Oh no.,सबै कुरा? ओ होइन।,story: needs native review
Fairy lights! It's like a little festival every night.,Fairy lights! It's like a little festival every night.,झिलिमिली बत्ती! हरेक रात सानो चाड जस्तै लाग्छ।,story: needs native review
"Finally, somewhere to sit while I tell you the news!","Finally, somewhere to sit while I tell you the news!","अन्ततः, समाचार सुनाउँदा बस्ने ठाउँ भेटियो!",story: needs native review
Free sweets?! I'm a child! I count!,Free sweets?! I'm a child! I count!,सित्तैंको मिठाई?! म पनि बच्चा हुँ! म पनि गन्तीमा पर्छु!,story: needs native review
"Fresh air in my room at last. Now I can watch the whole tole, hehe.","Fresh air in my room at last. Now I can watch the whole tole, hehe.","मेरो कोठामा अन्ततः ताजा हावा। अब म सारा टोल हेर्न सक्छु, हे हे।",story: needs native review
Fresh air! And a little bit of sky.,Fresh air! And a little bit of sky.,ताजा हावा! र अलिकति आकाश पनि।,story: needs native review
Fresh mint! My tea will be famous.,Fresh mint! My tea will be famous.,ताजा पुदिना! मेरो चिया प्रसिद्ध हुनेछ।,story: needs native review
"From one dusty counter to the mountains. I am so proud of you, nani.","From one dusty counter to the mountains. I am so proud of you, nani.","एक धुलाम्मे काउन्टरदेखि हिमालसम्म। मलाई तिमीमा धेरै गर्व छ, नानी।",story: needs native review
From up here the whole tole looks like family.,From up here the whole tole looks like family.,यहाँ माथिबाट सारा टोल परिवार जस्तै देखिन्छ।,story: needs native review
"Glue, nails and a little prayer... I mean, patience!","Glue, nails and a little prayer... I mean, patience!","गम, कीला र अलिकति प्रार्थना... मेरो मतलब, धैर्य!",story: needs native review
"Hajurama's Pasal, Mountain Branch. It has a ring to it!","Hajurama's Pasal, Mountain Branch. It has a ring to it!","हजुरआमाको पसल, पहाड शाखा। यसको नाम त राम्रै सुनिन्छ!",story: needs native review
"Hajurama, is that stove... held together with string?","Hajurama, is that stove... held together with string?","हजुरआमा, त्यो चुलो... धागोले बाँधिएको हो?",story: needs native review
"Hajurama, there are recipes in this drawer! Sel roti, laddu, everything!","Hajurama, there are recipes in this drawer! Sel roti, laddu, everything!","हजुरआमा, यो दराजमा रेसिपीहरू छन्! सेलरोटी, लड्डु, सबै कुरा!",story: needs native review
"Hajurama, there's a coin in here from before I was born!","Hajurama, there's a coin in here from before I was born!","हजुरआमा, यहाँ म जन्मिनुभन्दा पहिलेको सिक्का छ!",story: needs native review
"Hajurama... the shop. The jars are all mixed up, and everything is so dusty.","Hajurama... the shop. The jars are all mixed up, and everything is so dusty.","हजुरआमा... पसल। बट्टाहरू सबै मिसिएका छन्, र सबै कुरा धेरै धुलाम्मे छ।",story: needs native review
Hajurba's clock. I thought it was lost.,Hajurba's clock. I thought it was lost.,हजुरबाको घडी। मैले यो हराएको ठानेको थिएँ।,story: needs native review
"He is, Hajurama. In every corner of this shop.","He is, Hajurama. In every corner of this shop.","उहाँ हुनुहुन्छ, हजुरआमा। यस पसलको हरेक कुनामा।",story: needs native review
"Hold on with both hands, Bhai!","Hold on with both hands, Bhai!","दुबै हातले बेस्सरी समाऊ, भाइ!",story: needs native review
I came all this way for tea under an umbrella!,I came all this way for tea under an umbrella!,म यति टाढाबाट छाताभित्र चिया खान आएको!,story: needs native review
I can reach the top shelf! I can see the WHOLE room!,I can reach the top shelf! I can see the WHOLE room!,म माथिल्लो दराजसम्म पुग्न सक्छु! मैले सारा कोठा देख्न सक्छु!,story: needs native review
I climbed this tree as a girl. Don't tell Bhai.,I climbed this tree as a girl. Don't tell Bhai.,मैले केटी छँदा यो रुखमा चढेकी थिएँ। भाइलाई नभन्नू।,story: needs native review
I could watch this water for hours.,I could watch this water for hours.,म यो पानी घन्टौं हेरिरहन सक्छु।,story: needs native review
I did the S again. It's less wobbly this time!,I did the S again. It's less wobbly this time!,मैले फेरि S बनाएँ। यसपालि कम लरबरायो!,story: needs native review
I heard something scratching in there...,I heard something scratching in there...,मैले त्यहाँ भित्र केही कोतर्दै गरेको सुनेँ...,story: needs native review
I helped with the letters! The S is mine. It's a bit wobbly.,I helped with the letters! The S is mine. It's a bit wobbly.,मैले अक्षरहरूमा सघाएँ! S चाहिँ मेरो हो। अलिकति लरबरायो।,story: needs native review
"I picked the flowers! Well, most of them. Biralo ate one.","I picked the flowers! Well, most of them. Biralo ate one.","मैले फूल टिपेँ! हो, धेरैजसो। बिरालोले एउटा खायो।",story: needs native review
I tested every board. Personally. I'm a bit wet.,I tested every board. Personally. I'm a bit wet.,मैले हरेक पाटा जाँचेँ। आफैं। म अलिकति भिजेको छु।,story: needs native review
I think that's a yes.,I think that's a yes.,मलाई लाग्छ त्यो 'हो' हो।,story: needs native review
I was saving this cloth for something special. This is special.,I was saving this cloth for something special. This is special.,मैले यो कपडा केही खास कुराका लागि जोगाएकी थिएँ। यो खास हो।,story: needs native review
I wrote 'Happy Tihar' in my best letters!,I wrote 'Happy Tihar' in my best letters!,मैले मेरा सबैभन्दा राम्रा अक्षरमा 'शुभ तिहार' लेखेँ!,story: needs native review
I'm coming for dinner. Every night.,I'm coming for dinner. Every night.,म बेलुकाको खानामा आउँछु। हरेक रात।,story: needs native review
Is this... my shop? It looks like the day we opened.,Is this... my shop? It looks like the day we opened.,यो... मेरो पसल हो? यो त हामीले खोलेको दिन जस्तै देखिन्छ।,story: needs native review
It doesn't leak anymore. I am a genius.,It doesn't leak anymore. I am a genius.,अब यो चुहिंदैन। म त कमाल रहेछु।,story: needs native review
"It needs water twice a week. Bhai, that's your job.","It needs water twice a week. Bhai, that's your job.","यसलाई हप्तामा दुईपल्ट पानी चाहिन्छ। भाइ, यो तिम्रो काम हो।",story: needs native review
It opens all the way! And it doesn't scream anymore!,It opens all the way! And it doesn't scream anymore!,यो पूरै खुल्छ! र अब यसले कराउँदैन!,story: needs native review
It shines! I can see my face in it.,It shines! I can see my face in it.,यो टल्कियो! म यसमा मेरो अनुहार देख्न सक्छु।,story: needs native review
"It was ONE time, Didi.","It was ONE time, Didi.","त्यो एकपल्ट मात्र भएको हो, दिदी।",story: needs native review
It works! I mean... of course it works. Kanchha Dai never fails.,It works! I mean... of course it works. Kanchha Dai never fails.,यो काम गर्छ! मेरो मतलब... अवश्य काम गर्छ। कान्छा दाइ कहिल्यै चुक्दैनन्।,story: needs native review
"It would be, if the railing wasn't held up by a broom.","It would be, if the railing wasn't held up by a broom.","हुन्थ्यो, यदि रेलिङ कुचोले थामिएको नभइदिएको भए।",story: needs native review
"It's flying! Didi, look, it's FLYING!","It's flying! Didi, look, it's FLYING!","यो उडिरहेको छ! दिदी, हेर, यो उडिरहेको छ!",story: needs native review
"It's just dust, Bhai. And boxes. And... a lot of boxes.","It's just dust, Bhai. And boxes. And... a lot of boxes.","यो त धुलो मात्र हो, भाइ। र बाकसहरू। र... धेरै बाकसहरू।",story: needs native review
It's like the lanterns are floating!,It's like the lanterns are floating!,लालटिनहरू त हावामा उडिरहेका जस्तै छन्!,story: needs native review
It's like the sky is wearing a necklace!,It's like the sky is wearing a necklace!,आकाशले माला लगाएको जस्तै छ!,story: needs native review
It's so bright! I'll need my sunglasses for tea.,It's so bright! I'll need my sunglasses for tea.,यो त एकदमै उज्यालो छ! चिया खाँदा मलाई धुलो चस्मा चाहिने भो।,story: needs native review
It's so peaceful here. Just the water and the hills.,It's so peaceful here. Just the water and the hills.,यहाँ एकदमै शान्त छ। केवल पानी र पहाडहरू।,story: needs native review
"It's the best S in Kathmandu, Bhai.","It's the best S in Kathmandu, Bhai.","यो काठमाडौंकै सबैभन्दा राम्रो S हो, भाइ।",story: needs native review
Just like the Tihar nights of my childhood.,Just like the Tihar nights of my childhood.,ठीक मेरो बाल्यकालका तिहारका रातहरू जस्तै।,story: needs native review
"Kanchha Dai at your service! Wires, bulbs, anything electric.","Kanchha Dai at your service! Wires, bulbs, anything electric.","कान्छा दाइ सेवामा हाजिर! तार, बल्ब, जुनसुकै बिजुलीको काम।",story: needs native review
"Ke garne, babu. My knees aren't what they were. The old pasal needs young hands.","Ke garne, babu. My knees aren't what they were. The old pasal needs young hands.","के गर्ने, बाबु। मेरा घुँडा अब पहिले जस्ता छैनन्। पुरानो पसललाई जवान हातहरू चाहिन्छ।",story: needs native review
"Leave the heavy stuff to me! I lift weights. Well, I lifted one, once.","Leave the heavy stuff to me! I lift weights. Well, I lifted one, once.","गह्रुंगो काम मलाई छाडिदेऊ! म तौल उठाउँछु। हो, एकपल्ट एउटा उठाएको थिएँ।",story: needs native review
"Let there be light! And let it not flicker, please.","Let there be light! And let it not flicker, please.",उज्यालो होस्! र कृपया यो भिरभिरे नहोस्।,story: needs native review
Look at it! Customers are stopping just to take photos.,Look at it! Customers are stopping just to take photos.,यसलाई हेर! ग्राहकहरू फोटो खिच्नकै लागि रोकिन्छन्।,story: needs native review
Look how it flutters in the wind!,Look how it flutters in the wind!,हेर यो हावामा कसरी फरफराउँछ!,story: needs native review
Look who's brave now that the webs are gone.,Look who's brave now that the webs are gone.,"हेर त, जालो हटेपछि कति हिम्मतिलो भएछौ।",story: needs native review
Marigolds on every step. Beautiful!,Marigolds on every step. Beautiful!,हरेक खुट्किलामा सयपत्री। कति सुन्दर!,story: needs native review
Marigolds! Hajurama's favourite.,Marigolds! Hajurama's favourite.,सयपत्री! हजुरआमाको मनपर्ने।,story: needs native review
"Maya nani! You came home! Look at you, all grown up.","Maya nani! You came home! Look at you, all grown up.","माया नानी! तिमी घर आयौ! हेर त, कति ठूली भइसकेकी।",story: needs native review
Maya swept the whole street? Even in front of MY stall?,Maya swept the whole street? Even in front of MY stall?,मायाले सारा सडक बढारी? मेरो पसलअगाडि पनि?,story: needs native review
Maya! I could smell the paint from my tea stall. It looks wonderful!,Maya! I could smell the paint from my tea stall. It looks wonderful!,माया! मेरो चिया पसलबाटै मैले रङको गन्ध पाएँ। यो त एकदमै राम्रो देखिन्छ!,story: needs native review
Maya... the shop is a pile of stones. Literally.,Maya... the shop is a pile of stones. Literally.,माया... पसल त ढुङ्गाको थुप्रो मात्र भएको छ। साँच्चै।,story: needs native review
Mrrp!,Mrrp!,Mrrp!,story: needs native review
Mrrp.,Mrrp.,Mrrp.,story: needs native review
Mrrrow.,Mrrrow.,Mrrrow.,story: needs native review
"My books, Hajurama's recipes and Bhai's comics. Perfect.","My books, Hajurama's recipes and Bhai's comics. Perfect.","मेरा किताबहरू, हजुरआमाका रेसिपीहरू र भाइका कमिक्स। एकदमै उत्तम।",story: needs native review
My kite went higher than the neighbour's!,My kite went higher than the neighbour's!,मेरो चङ्गा छिमेकीको भन्दा उच्च गयो!,story: needs native review
"My old sign! I painted those letters myself, before your mother was born.","My old sign! I painted those letters myself, before your mother was born.","मेरो पुरानो साइनबोर्ड! मैले ती अक्षरहरू आफैं रङ्गेको हुँ, तिम्री आमा जन्मिनुभन्दा पहिले।",story: needs native review
My stall! It's... it's beautiful! Free tea for a month!,My stall! It's... it's beautiful! Free tea for a month!,मेरो पसल! यो... यो त सुन्दर छ! एक महिना सित्तैंको चिया!,story: needs native review
"Neighbours help neighbours, Didi.","Neighbours help neighbours, Didi.","छिमेकीले छिमेकीलाई सघाउँछ, दिदी।",story: needs native review
Next stop: the mountains! Trekkers love sweets!,Next stop: the mountains! Trekkers love sweets!,अर्को गन्तव्य: हिमाल! ट्रेकरहरूलाई मिठाई मनपर्छ!,story: needs native review
No more muddy shoes in my stall!,No more muddy shoes in my stall!,अब मेरो पसलमा हिलाम्मे जुत्ता हुँदैन!,story: needs native review
"No more tripping. Safe steps, happy customers.","No more tripping. Safe steps, happy customers.","अब लड्नु पर्दैन। सुरक्षित खुट्किला, खुसी ग्राहक।",story: needs native review
No more wobbly corner. Hajurama can stop warning everyone.,No more wobbly corner. Hajurama can stop warning everyone.,अब लरबराउने कुना छैन। हजुरआमाले सबैलाई सचेत गराउनु पर्दैन।,story: needs native review
Now all the gossip has a proper home.,Now all the gossip has a proper home.,अब सबै गफगाफको आफ्नै ठाउँ भयो।,story: needs native review
Now Bhai can fly his kite without giving me a heart attack.,Now Bhai can fly his kite without giving me a heart attack.,अब भाइले मलाई डर नदिएर चङ्गा उडाउन सक्छ।,story: needs native review
Now I know it's not dinner time. Again.,Now I know it's not dinner time. Again.,"अब मलाई थाहा भो, यो खानाको समय होइन। फेरि।",story: needs native review
"Now my customers can wait for tea in your shade. Very good business, Maya!","Now my customers can wait for tea in your shade. Very good business, Maya!","अब मेरा ग्राहकले तिम्रो छायामा चिया पर्खन सक्छन्। एकदमै राम्रो व्यापार, माया!",story: needs native review
Now my stall is part of the festival too!,Now my stall is part of the festival too!,अब मेरो पसल पनि चाडको हिस्सा भयो!,story: needs native review
Now this is a kitchen worth cooking in!,Now this is a kitchen worth cooking in!,अब यो त पकाउन लायकको भान्सा भयो!,story: needs native review
Oho! The neighbours will think we've become rich.,Oho! The neighbours will think we've become rich.,ओहो! छिमेकीहरूले हामी धनी भइसक्यौं भनेर सोच्नेछन्।,story: needs native review
"Oho, my lucky cash box! Thirty years and it still rattles.","Oho, my lucky cash box! Thirty years and it still rattles.","ओहो, मेरो भाग्यमानी पैसा बाकस! तीस वर्ष भइसक्यो, अझै खटखटिन्छ।",story: needs native review
On a clear day you can see all the way to the mountains.,On a clear day you can see all the way to the mountains.,सफा दिनमा हिमालसम्म देखिन्छ।,story: needs native review
"On clear mornings they shine like sugar, babu.","On clear mornings they shine like sugar, babu.","सफा बिहानहरूमा तिनीहरू चिनी जस्तै टल्किन्छन्, बाबु।",story: needs native review
"One jar at a time, Bhai. One jar at a time.","One jar at a time, Bhai. One jar at a time.","एक पल्टमा एक बट्टा, भाइ। एक पल्टमा एक बट्टा।",story: needs native review
"One room at a time, Bhai. First, the kitchen!","One room at a time, Bhai. First, the kitchen!","एक पल्टमा एक कोठा, भाइ। पहिले, भान्सा!",story: needs native review
Oof. From out here the pasal looks even sadder.,Oof. From out here the pasal looks even sadder.,ओफ। यहाँबाट हेर्दा पसल अझ दुखद देखिन्छ।,story: needs native review
"Ooh, fancy! Are you expecting guests?","Ooh, fancy! Are you expecting guests?","ओहो, कति चिटिक्क! पाहुना आउँदैछन् कि क्या हो?",story: needs native review
"Open doors, open hearts. That's Tihar.","Open doors, open hearts. That's Tihar.","खुला ढोका, खुला मन। त्यही त तिहार हो।",story: needs native review
"Our second pasal. Hajurba, this one's for you.","Our second pasal. Hajurba, this one's for you.","हाम्रो दोस्रो पसल। हजुरबा, यो तपाईंकै लागि हो।",story: needs native review
"People keep asking if you'll open another shop, Maya.","People keep asking if you'll open another shop, Maya.","मानिसहरूले तिमी अर्को पसल खोल्छौ कि भनेर सोधिरहन्छन्, माया।",story: needs native review
Picnic time! Pass the chiura!,Picnic time! Pass the chiura!,पिकनिकको समय! चिउरा पास गर!,story: needs native review
Pretty! Where did you get that cloth?,Pretty! Where did you get that cloth?,सुन्दर! त्यो कपडा कहाँबाट पायौ?,story: needs native review
Purrr.,Purrr.,Purrr.,story: needs native review
Purrrr.,Purrrr.,Purrrr.,story: needs native review
Purrrrr.,Purrrrr.,Purrrrr.,story: needs native review
Ramro! I can see the wood again!,Ramro! I can see the wood again!,राम्रो! मैले फेरि काठ देख्न सकेँ!,story: needs native review
"Rest your legs, have a Lapsi candy!","Rest your legs, have a Lapsi candy!","आफ्ना खुट्टा आराम गर, लप्सी मिठाई खाऊ!",story: needs native review
"Rich in paint, Hajurama. That's a start.","Rich in paint, Hajurama. That's a start.","रङले भरिपूर्ण, हजुरआमा। यो त सुरुवात हो।",story: needs native review
"Right. One star, one fix. Where do I start?","Right. One star, one fix. Where do I start?","ठीक छ। एक तारा, एक सुधार। कहाँबाट सुरु गरूँ?",story: needs native review
Ring ring! Delivery for Sunita Didi! One packet of Pudina!,Ring ring! Delivery for Sunita Didi! One packet of Pudina!,घन्टी घन्टी! सुनिता दिदीका लागि डेलिभरी! एक प्याकेट पुदिना!,story: needs native review
"Roof it is. Bring the kite, Bhai!","Roof it is. Bring the kite, Bhai!","छाना नै त। चङ्गा ल्याऊ, भाइ!",story: needs native review
Rusty shutters are my specialty! Mostly.,Rusty shutters are my specialty! Mostly.,खियाएका सटरहरू मेरो विशेषज्ञता हो! धेरैजसो।,story: needs native review
"See? Not a single spark. Well, one small spark.","See? Not a single spark. Well, one small spark.","देख्यौ? एकचोटि पनि झिल्को आएन। हो, एउटा सानो झिल्को आयो।",story: needs native review
Shade by the water. Lovely.,Shade by the water. Lovely.,पानीछेउको छाया। मनमोहक।,story: needs native review
"Sit with me, nani. Watch the hills turn pink.","Sit with me, nani. Watch the hills turn pink.","मसँग बस, नानी। पहाडहरू गुलाबी हुँदै गएको हेर।",story: needs native review
So many candies! For the shop. Not for me. Mostly.,So many candies! For the shop. Not for me. Mostly.,कति धेरै मिठाई! पसलका लागि। मेरा लागि होइन। धेरैजसो।,story: needs native review
"So that's where they went. Now you'll have to learn them, nani.","So that's where they went. Now you'll have to learn them, nani.","त्यही त हो, ती कहाँ गएछन्। अब तिमीले यिनीहरू सिक्नै पर्छ, नानी।",story: needs native review
Solar powered! Even I'm impressed with me.,Solar powered! Even I'm impressed with me.,सौर्य ऊर्जाले चल्छ! म आफैं पनि आफूसँग प्रभावित भएँ।,story: needs native review
"Sorry, Biralo. The rice is not a bed either.","Sorry, Biralo. The rice is not a bed either.","माफ गर, बिरालो। चामल पनि ओछ्यान होइन।",story: needs native review
"Speaking of the tole... the courtyard could use some love, Maya.","Speaking of the tole... the courtyard could use some love, Maya.","टोलको कुरा गर्दा... चोकलाई अलिकति मायाको खाँचो छ, माया।",story: needs native review
Stone by stone. My back will remember this.,Stone by stone. My back will remember this.,ढुङ्गा पछि ढुङ्गा। मेरो ढाडले यो सम्झिरहनेछ।,story: needs native review
Sun-dried clothes smell the best. That's a fact.,Sun-dried clothes smell the best. That's a fact.,घाममा सुकाएका कपडाको गन्ध सबैभन्दा राम्रो हुन्छ। यो सत्य हो।,story: needs native review
Tea and sweets by the lake. Customers will love it.,Tea and sweets by the lake. Customers will love it.,तालछेउ चिया र मिठाई। ग्राहकहरूलाई मन पर्नेछ।,story: needs native review
"Tea, shade and a view. I could stay here all day.","Tea, shade and a view. I could stay here all day.","चिया, छाया र दृश्य। म यहाँ दिनभरि बस्न सक्छु।",story: needs native review
"Thanks, Sunita Didi. Come by for sweets later!","Thanks, Sunita Didi. Come by for sweets later!","धन्यवाद, सुनिता दिदी। पछि मिठाई लिन आउनुहोला!",story: needs native review
That goat ate my lunch. This is personal.,That goat ate my lunch. This is personal.,त्यो बाख्राले मेरो खाजा खायो। यो त व्यक्तिगत कुरा भयो।,story: needs native review
That stove has made a thousand cups of tea. It deserves a rest!,That stove has made a thousand cups of tea. It deserves a rest!,त्यो चुलोले हजार कप चिया बनाइसक्यो। यसले आराम पाउनुपर्छ!,story: needs native review
"That's your Hajurba, the day he opened the shop.","That's your Hajurba, the day he opened the shop.","त्यो तिम्रो हजुरबा हुनुहुन्छ, उहाँले पसल खोलेको दिन।",story: needs native review
The brightest street in all of Kathmandu tonight.,The brightest street in all of Kathmandu tonight.,आज राति सारा काठमाडौंकै सबैभन्दा उज्यालो सडक।,story: needs native review
The door didn't fall on me! It works!,The door didn't fall on me! It works!,ढोका ममाथि खसेन! यो काम गर्छ!,story: needs native review
The family room feels like a family room again.,The family room feels like a family room again.,परिवार कोठा फेरि परिवार कोठा जस्तै लाग्छ।,story: needs native review
The mountains look so close you could touch them.,The mountains look so close you could touch them.,हिमालहरू यति नजिक देखिन्छन् कि छुन सकिन्छ जस्तो लाग्छ।,story: needs native review
The mountains! I forgot you could see them from in here.,The mountains! I forgot you could see them from in here.,हिमालहरू! म बिर्सेकी थिएँ कि यहाँबाट देखिन्छ।,story: needs native review
The roof! The best place in the whole house!,The roof! The best place in the whole house!,छाना! सारा घरको सबैभन्दा राम्रो ठाउँ!,story: needs native review
The ticking crate! It's... a clock?,The ticking crate! It's... a clock?,टिक्टिक गर्ने बाकस! यो... घडी हो?,story: needs native review
"The whole ground floor is done. The counter, the front, the storage room.","The whole ground floor is done. The counter, the front, the storage room.","सारा तल्लो तला सकियो। काउन्टर, अगाडिपट्टि, भण्डार कोठा।",story: needs native review
"The whole street, Bhai. Every light, every garland.","The whole street, Bhai. Every light, every garland.","सारा सडक, भाइ। हरेक बत्ती, हरेक माला।",story: needs native review
The whole tole chipped in for paint. Let's make it count.,The whole tole chipped in for paint. Let's make it count.,सारा टोलले रङका लागि चन्दा दियो। यसलाई सार्थक बनाउँ।,story: needs native review
"The whole tole is out here! Children, grandparents, even the goats.","The whole tole is out here! Children, grandparents, even the goats.","सारा टोल यहाँ बाहिर छ! केटाकेटी, हजुरबा-हजुरआमा, बाख्रा समेत।",story: needs native review
Then it goes right where everyone can see it.,Then it goes right where everyone can see it.,त्यसोभए यो ठीक त्यहाँ जान्छ जहाँ सबैले देख्न सक्छन्।,story: needs native review
"Then it has mine. Every jar I sort, the shop gets a little brighter. Promise!","Then it has mine. Every jar I sort, the shop gets a little brighter. Promise!","त्यसोभए यसमा मेरो पनि छ। मैले मिलाउने हरेक बट्टासँगै, पसल अलिकति उज्यालो हुन्छ। वाचा!",story: needs native review
Then let's find out what's inside. Together!,Then let's find out what's inside. Together!,त्यसोभए भित्र के छ पत्ता लगाऔं। सँगसँगै!,story: needs native review
Then let's fix it for everyone.,Then let's fix it for everyone.,त्यसोभए सबैका लागि यो बनाइदिऊँ।,story: needs native review
Then let's go outside. Chiya Tole needs to know we're open!,Then let's go outside. Chiya Tole needs to know we're open!,त्यसोभए बाहिर जाऊँ। चिया टोललाई थाहा हुनुपर्छ कि हामी खुलेका छौं!,story: needs native review
"Then that's next. Windows open, Bhai!","Then that's next. Windows open, Bhai!","त्यसोभए त्यो नै अर्को हो। झ्यालहरू खोल, भाइ!",story: needs native review
"Then the mountains it is. Pack warm, everyone.","Then the mountains it is. Pack warm, everyone.",त्यसोभए हिमाल नै त। सबैजना न्यानो लुगा राख।,story: needs native review
Then we have a lot of stones to work with!,Then we have a lot of stones to work with!,त्यसोभए हामीसँग काम गर्न धेरै ढुङ्गा छन्!,story: needs native review
There's just one thing. The storage room. Nobody has opened it in years.,There's just one thing. The storage room. Nobody has opened it in years.,एउटा मात्र कुरा छ। भण्डार कोठा। वर्षौंदेखि कसैले खोलेको छैन।,story: needs native review
There's your mother at your age. Same smile.,There's your mother at your age. Same smile.,त्यो तिम्री आमा हो तिम्रै उमेरमा। उस्तै हाँसो।,story: needs native review
They glow like little moons.,They glow like little moons.,तिनीहरू सानो चन्द्रमा जस्तै चम्किन्छन्।,story: needs native review
"This is MY room. Well, everyone's room. But mostly mine.","This is MY room. Well, everyone's room. But mostly mine.","यो मेरो कोठा हो। हो, सबैको कोठा। तर धेरैजसो मेरो।",story: needs native review
This is what a neighbourhood should feel like.,This is what a neighbourhood should feel like.,टोल भनेको यस्तै हुनुपर्छ।,story: needs native review
"Those are not for digging, Biralo!","Those are not for digging, Biralo!","ती खन्नका लागि होइनन्, बिरालो!",story: needs native review
Three shops. A whole family of pasals.,Three shops. A whole family of pasals.,तीन पसल। पसलहरूको सारा परिवार।,story: needs native review
"Tick, tock. Just like he's still here, keeping us on time.","Tick, tock. Just like he's still here, keeping us on time.","टिक, टक। जस्तो उहाँ अझै यहाँ हुनुहुन्छ, हामीलाई समयमा राखिरहनुभएको।",story: needs native review
Two shops! I can't believe it.,Two shops! I can't believe it.,दुई पसल! मलाई विश्वास लाग्दैन।,story: needs native review
Two thousand bulbs and not one fuse blown!,Two thousand bulbs and not one fuse blown!,दुई हजार बल्ब र एउटा पनि फ्युज नपोलेको!,story: needs native review
Upstairs next! Can my room be blue?,Upstairs next! Can my room be blue?,अब माथिल्लो तला! मेरो कोठा निलो हुन सक्छ?,story: needs native review
"Welcome to Chiya Tole's heart, Maya. Or what's left of it.","Welcome to Chiya Tole's heart, Maya. Or what's left of it.","चिया टोलको मुटुमा स्वागत छ, माया। वा जो बाँकी छ त्यसमा।",story: needs native review
"Welcome upstairs, nani. Mind the third step, it squeaks.","Welcome upstairs, nani. Mind the third step, it squeaks.","माथिल्लो तलामा स्वागत छ, नानी। तेस्रो खुट्किलामा ध्यान देऊ, त्यो किचकिच गर्छ।",story: needs native review
"What's next, Didi? The moon?","What's next, Didi? The moon?","अब के त, दिदी? चन्द्रमा?",story: needs native review
"Whoa, Didi! The floor isn't sticky anymore!","Whoa, Didi! The floor isn't sticky anymore!",ए दिदी! भुइँ अब टाँसिने भएन!,story: needs native review
"Whoa, whoa! Too fast! ...Okay, a little slower. Perfect.","Whoa, whoa! Too fast! ...Okay, a little slower. Perfect.","ए, ए! धेरै छिटो! ...ठीक छ, अलिकति ढिलो। उत्तम।",story: needs native review
"Wildflowers, just like where I grew up.","Wildflowers, just like where I grew up.","जंगली फूलहरू, ठीक म हुर्केको ठाउँ जस्तै।",story: needs native review
"With lights, Bhai. Lots and lots of lights.","With lights, Bhai. Lots and lots of lights.","बत्तीहरूसँग, भाइ। धेरै धेरै बत्तीहरू।",story: needs native review
You can see the shop sign from up here!,You can see the shop sign from up here!,तिमीले यहाँ माथिबाट पसलको साइनबोर्ड देख्न सक्छौ!,story: needs native review
You sound just like me fifty years ago!,You sound just like me fifty years ago!,तिमी ठीक पचास वर्षअघिको म जस्तै सुनिन्छौ!,story: needs native review
Your Hajurba always dreamed of a shop by the water.,Your Hajurba always dreamed of a shop by the water.,तिम्रो हजुरबाले सधैं पानीछेउको पसलको सपना देख्नुहुन्थ्यो।,story: needs native review
"Your Hajurba built that counter. He'd be proud, nani.","Your Hajurba built that counter. He'd be proud, nani.","तिम्रो हजुरबाले त्यो काउन्टर बनाउनुभएको हो। उहाँलाई गर्व हुने थियो, नानी।",story: needs native review
"Your Hajurba is smiling somewhere, nani.","Your Hajurba is smiling somewhere, nani.","तिम्रो हजुरबा कतै मुस्कुराइरहनुभएको छ, नानी।",story: needs native review
Your Hajurba would have made a speech. A long one.,Your Hajurba would have made a speech. A long one.,तिम्रो हजुरबाले त भाषण दिनुहुने थियो। लामै एउटा।,story: needs native review
